record_id,redcap_survey_identifier,assessment_of_current_and_future_approaches_to_add_timestamp,disease_domain,organization___1,organization___2,organization___3,organization___4,organization___5,organization___6,organization___7,organization___8,organization___9,organization___10,leadership,professional_position,years_professional_experience,country,curation_orgs___1,curation_orgs___2,curation_orgs___3,curation_orgs___4,curation_orgs___5,curation_orgs___6,other_orgs,gender,clin_diag_setting,research_purposes,returning_to_patients,discussing_with_patients,discussing_with_labs,multidisciplinary_meeting,vcep_gcep,genetic_variant_assessment,variant_volume,proportion_vus,functional_data_avail,reinterpretation_vus_1,reinterpretation_vus_2,conflicting_evidence,handling_conflicting_evid,eval_func_data_research,curate_func_data_class,use_func_data_clin_setting,req_func_evidence_diag_lab,req_func_evid_research_lab,req_hearing_vision_lab,req_not_hearing_vision_lab,other_activities,biochemical_assays,splice_transcriptomics,pat_cell_models,gene_edit_cell,unclear_mech,animal_models,ko_mouse_models,ki_mouse_models,zf_mo,zf_ko,zf_ki,fly_ortholog,fly_no_orth,other_categories,func_data_literature,func_data_distilled_lit,func_data_mouse_db,func_data_zf_db,func_data_mavedb,func_data_xenbase_db,func_data_other_db,func_predictors,func_data_mave_db,acmg_amp_guidelines,func_evidence_guidelines,splice_evid_guideline,vcep_specific_guidelines,svi_func_assay_assessment,hearing_loss_guidelines,mult_hl_genes_vcep,otof_myo15a_hl_genes_vcep,rpe65_lca_rd_vcep1,myoc_glaucoma_vcep,other_func_evid_guidelines,insuff_training,insuff_lof,insuff_gof,dom_neg_literature,haplo_databases,red_pen_lit,quality_func_evid,accuracy_func_evid,locating_primary_lit,var_databases,under_func_evi,under_databases,transcripts_hear_vision,other_barriers,workshops_on_use_func_data,ceu_cme_credit,non_ceu_cme_credit,online_training_worksheets,general_guidelines,gene_specific_guidelines,disease_spec_guidelines,access_clinvar_func_data,access_stand_interp_data,request_func_data,request_mave,other_access,literature_clin_utility,mave_clin_utility,more_clin_stud_clin_util,more_clin_stud_maves,clinvar_transc_statement,gene_level_plof,gene_level_dif_var,gene_level_func_evid,primary_lit,exp_design_clinvar,lof_gof_dom_neg,confidence_accuracy,links_to_primary_data,multiple_sources_listed,multiple_conflict_sources,standardized_interp,final_comments,assessment_of_current_and_future_approaches_to_add_complete
1,,"[not completed]",,0,0,0,0,0,0,0,0,0,0,,,,,0,0,0,0,0,0,,,,,,,,,,,,,,,,,,,,,,,,,,,,,,,,,,,,,,,,,,,,,,,,,,,,,,,,,,,,,,,,,,,,,,,,,,,,,,,,,,,,,,,,,,,,,,,,,,,,,,,0
2,,"[not completed]",3,0,0,1,0,0,0,0,0,0,0,0,8,3,"Portugal ",1,0,1,0,0,0,,Female,2,1,1,1,2,1,1,1,,5,2,,3,0,,,,,,,,,,,,,,,,,,,,,,,,,,,,,,,,,,,,,,,,,,,,,,,,,,,,,,,,,,,,,,,,,,,,,,,,,,,,,,,,,,,,,,,0
3,,"[not completed]",,0,0,0,0,0,0,0,0,0,0,,,,,0,0,0,0,0,0,,,,,,,,,,,,,,,,,,,,,,,,,,,,,,,,,,,,,,,,,,,,,,,,,,,,,,,,,,,,,,,,,,,,,,,,,,,,,,,,,,,,,,,,,,,,,,,,,,,,,,,0
4,,"[not completed]",,0,0,0,0,0,0,0,0,0,0,,,,,0,0,0,0,0,0,,,,,,,,,,,,,,,,,,,,,,,,,,,,,,,,,,,,,,,,,,,,,,,,,,,,,,,,,,,,,,,,,,,,,,,,,,,,,,,,,,,,,,,,,,,,,,,,,,,,,,,0
5,,"2025-02-10 06:27:31",1,1,0,0,0,0,0,0,0,0,0,1,1,5,USA,0,0,0,0,0,0,,Female,2,2,2,2,2,2,1,1,6,2,2,3,2,1,"Discuss details with authors.",2,2,2,2,2,2,2,,4,4,4,4,3,4,4,4,4,4,4,4,3,,6,4,6,6,6,1,1,4,1,5,5,5,1,5,5,5,5,1,1,,1,1,1,1,1,1,1,1,2,2,1,2,2,,1,1,1,1,1,1,1,4,4,4,1,,3,2,4,5,5,5,5,5,5,5,5,3,5,5,5,4,,2
6,,"[not completed]",,0,0,0,0,0,0,0,0,0,0,,,,,0,0,0,0,0,0,,,,,,,,,,,,,,,,,,,,,,,,,,,,,,,,,,,,,,,,,,,,,,,,,,,,,,,,,,,,,,,,,,,,,,,,,,,,,,,,,,,,,,,,,,,,,,,,,,,,,,,0
7,,"[not completed]",1,1,0,0,0,0,0,0,0,0,0,1,4,3,China,1,0,0,0,0,0,,Male,,,,,,,,,,,,,,,,,,,,,,,,,,,,,,,,,,,,,,,,,,,,,,,,,,,,,,,,,,,,,,,,,,,,,,,,,,,,,,,,,,,,,,,,,,,,,,,,,,,,,0
8,,"2025-02-10 07:17:39",3,1,0,0,0,0,0,0,0,0,0,1,5,1,France,1,0,0,0,0,0,,M,2,2,1,1,2,2,2,1,6,4,2,3,4,0,,2,2,2,2,2,2,2,,4,4,5,4,4,4,5,5,4,4,4,3,3,,5,3,4,4,1,1,1,5,1,5,6,6,6,6,6,6,6,6,6,,3,1,3,3,2,3,4,3,3,2,3,3,1,,4,4,4,3,4,4,4,4,4,4,4,,3,1,2,2,4,4,4,4,4,4,5,4,4,4,4,2,,2
9,,"2025-02-10 07:55:17",1,1,0,0,0,0,0,0,0,0,0,1,4,3,Germany,0,0,1,0,0,1,,female,2,2,2,2,2,2,3,1,6,3,2,2,2,0,,2,2,2,2,2,2,2,,4,4,4,4,3,3,4,3,3,4,3,3,2,,5,4,4,4,4,4,4,4,4,4,5,5,4,5,5,5,5,5,5,,3,2,3,3,2,4,4,4,3,3,4,4,2,,4,4,3,3,4,4,,4,4,5,4,,3,3,3,3,4,4,4,3,4,4,4,4,4,4,4,3,,2
10,,"[not completed]",,0,0,0,0,0,0,0,0,0,0,,,,,0,0,0,0,0,0,,,,,,,,,,,,,,,,,,,,,,,,,,,,,,,,,,,,,,,,,,,,,,,,,,,,,,,,,,,,,,,,,,,,,,,,,,,,,,,,,,,,,,,,,,,,,,,,,,,,,,,0
11,,"[not completed]",,0,0,0,0,0,0,0,0,0,0,,,,,0,0,0,0,0,0,,,,,,,,,,,,,,,,,,,,,,,,,,,,,,,,,,,,,,,,,,,,,,,,,,,,,,,,,,,,,,,,,,,,,,,,,,,,,,,,,,,,,,,,,,,,,,,,,,,,,,,0
12,,"2025-02-10 08:58:59",3,1,0,0,0,0,0,0,0,0,0,0,9,2,Netherlands,0,0,1,0,0,0,,Female,1,2,1,1,2,2,3,1,6,4,2,5,4,1,"Often regarding splice-altering variants, depending on the in vitro model used to determine the splice defect, different results were encountered (e.g. HEK293T vs iPSC-derived models). ",2,3,1,1,2,2,2,,4,3,5,4,3,3,4,4,2,4,4,,2,,5,3,4,4,4,4,4,4,4,5,4,4,4,4,5,5,5,5,5,"I am not using or familiar with all the guidelines mentioned above. There are too many different guidelines around and it is overwhelming/confusing what to use sometimes.     I only perform classifications in a research settings and like to use automated platforms like Franklin Genoox for this. ",4,3,4,4,3,4,5,3,2,2,2,2,3,"Interpretation and classification guidelines are being applied in a different way by different individuals. It often feels like for me that everyone follows their own 'rules' regarding functional evidence (because of a lack of knowledge?)",2,2,2,4,4,2,2,4,4,4,4,,2,2,4,4,4,3,4,4,4,2,4,4,4,4,4,5,,2
13,,"[not completed]",3,1,0,0,0,0,0,0,0,0,0,1,5,5,FRANCE,0,0,1,0,0,0,,,2,2,2,1,2,2,3,1,5,3,1,3,2,1,,2,3,2,2,2,2,1,,,,,,,,,,,,,,,,,,,,,,,,,,,,,,,,,,,,,,,,,,,,,,,,,,,,,,,,,,,,,,,,,,,,,,,,,,,,,,,0
14,,"2025-02-10 10:34:08",1,0,0,0,0,0,0,0,0,0,1,0,9,1,Tunisia,0,0,0,0,0,0,,Female,3,2,1,1,2,2,2,1,2,3,2,2,2,0,,2,3,2,2,3,3,3,,5,5,5,4,3,3,4,4,4,4,4,4,4,,5,5,6,5,1,1,1,4,1,6,6,1,6,6,6,6,6,1,1,,3,2,3,2,2,2,3,3,3,2,3,2,3,,5,5,5,5,5,5,5,5,5,5,5,,4,4,5,5,5,5,4,4,5,5,5,4,5,4,4,4,,2
15,,"[not completed]",3,1,0,0,1,0,0,0,0,0,0,1,1,3,italy,0,0,0,0,0,0,,female,2,2,2,2,2,2,3,1,4,3,2,2,2,0,,2,2,2,1,1,1,1,,,,,,,,,,,,,,,,,,,,,,,,,,,,,,,,,,,,,,,,,,,,,,,,,,,,,,,,,,,,,,,,,,,,,,,,,,,,,,,0
16,,"[not completed]",1,0,0,0,0,0,1,0,0,0,0,0,8,1,"United Kingdom",0,0,0,0,0,0,,Female,2,1,2,1,2,2,3,,,,,,,,,,,,,,,,,,,,,,,,,,,,,,,,,,,,,,,,,,,,,,,,,,,,,,,,,,,,,,,,,,,,,,,,,,,,,,,,,,,,,,,,,,,,,,0
17,,"2025-02-10 10:29:30",3,1,0,0,1,0,0,0,0,0,0,1,1,3,italy,0,0,0,0,0,0,,female,2,2,2,2,2,2,3,1,4,2,2,2,2,0,,2,2,2,1,1,1,1,,2,5,3,3,3,1,1,1,1,1,1,1,1,,3,6,3,1,1,1,1,6,3,6,6,6,4,4,6,6,6,3,3,,3,3,3,3,2,2,2,2,3,3,3,2,3,,5,3,3,2,3,3,3,4,4,2,2,,3,3,5,5,5,5,5,5,5,4,4,5,5,5,5,5,,2
18,,"[not completed]",1,0,1,0,0,0,0,0,0,0,0,1,9,5,Israel,1,0,0,0,0,0,,female,1,2,1,1,2,1,1,1,6,5,2,2,2,0,,2,2,1,2,2,2,2,,5,5,5,5,3,5,5,5,3,3,3,3,3,,6,6,6,4,4,4,4,3,4,,4,4,4,4,6,,,,,,,,,,,,,,,,,,,,,,,,,,,,,,,,,,,,,,,,,,,,,,,,,0
19,,"2025-02-10 11:38:32",3,1,0,0,0,0,0,0,0,0,0,1,1,4,Brazil,0,0,0,0,0,0,,female,2,2,2,2,2,3,3,1,5,3,2,1,1,0,,2,2,3,3,3,3,3,,3,3,5,4,3,5,5,5,3,4,4,4,,,4,5,5,5,4,4,4,4,1,5,6,6,1,1,6,6,6,6,6,,4,4,4,4,4,4,4,4,3,3,3,3,3,,5,5,5,5,5,5,5,5,5,5,5,,2,3,4,4,5,5,4,3,4,4,5,5,5,5,5,3,,2
20,,"[not completed]",3,1,1,0,0,0,0,0,0,0,0,1,8,3,Germany,0,0,0,0,0,0,,female,2,2,2,2,1,2,1,1,6,4,2,3,4,1,"Assess the quality / relevance of the different functional evidence based on the published test results in our team. If the conflict could not be resolved functional evidence was not included for variant interpretation",2,1,2,3,3,3,3,,5,5,4,4,2,3,3,3,3,3,3,2,2,"patch clamp to test ion channel function, reporter assays to test promotor activity, binding assays to analyse protein-protein interactions, ICC to analyse subcelluar protein localization",6,4,4,1,1,1,1,4,1,4,5,6,5,1,5,6,6,5,1,,5,4,5,5,5,5,5,5,5,4,5,3,3,,2,3,3,2,4,4,4,5,5,5,,,,,,,,,,,,,,,,,,,,0
21,,"[not completed]",,0,0,0,0,0,0,0,0,0,0,,,,,0,0,0,0,0,0,,,,,,,,,,,,,,,,,,,,,,,,,,,,,,,,,,,,,,,,,,,,,,,,,,,,,,,,,,,,,,,,,,,,,,,,,,,,,,,,,,,,,,,,,,,,,,,,,,,,,,,0
22,,"2025-02-10 20:33:33",1,1,0,0,1,0,0,0,0,0,0,1,3,1,"United States",0,0,0,0,0,0,,Female,2,2,2,2,2,2,2,1,6,5,2,2,2,1,,2,3,2,3,3,2,2,,3,4,4,4,3,4,4,4,3,3,3,2,2,,5,5,4,4,1,1,4,5,5,5,5,5,5,5,6,6,5,4,4,,3,4,4,4,3,4,3,4,3,3,3,3,3,,5,5,4,4,4,4,4,5,4,5,5,,3,3,4,4,5,3,4,4,4,3,4,4,4,4,4,4,,2
23,,"[not completed]",,0,0,0,0,0,0,0,0,0,0,,,,,0,0,0,0,0,0,,,,,,,,,,,,,,,,,,,,,,,,,,,,,,,,,,,,,,,,,,,,,,,,,,,,,,,,,,,,,,,,,,,,,,,,,,,,,,,,,,,,,,,,,,,,,,,,,,,,,,,0
24,,"2025-02-10 14:20:35",1,0,1,0,0,0,0,0,0,0,0,1,1,2,china,1,0,0,0,0,0,,male,2,2,2,2,2,2,2,1,6,4,2,3,2,1,,2,2,2,2,2,2,2,,3,4,4,4,3,4,4,5,3,3,3,3,3,,5,5,4,4,4,4,4,3,4,6,6,6,6,6,6,6,6,6,6,,4,4,4,4,3,4,3,3,2,2,2,2,2,,5,4,4,4,5,5,5,5,5,5,4,,1,2,4,4,4,4,4,4,4,4,4,4,4,4,4,4,,2
25,,"2025-02-10 14:27:34",1,0,0,0,0,0,1,0,0,0,0,0,7,5,spain,1,0,0,0,0,0,,male,2,2,2,3,2,2,2,1,5,4,3,2,2,1,"two different paper with different result, using different assays",2,3,2,3,2,2,2,,4,4,4,4,4,5,3,5,3,4,,3,2,,5,4,5,5,5,5,5,4,4,6,6,6,6,6,,6,6,6,6,,4,4,5,5,4,5,5,5,4,4,4,5,5,,4,4,4,4,4,4,5,2,2,3,4,,4,3,5,5,5,4,4,3,4,5,5,5,5,5,5,5,,2
26,,"2025-02-10 15:08:25",3,0,1,0,0,0,0,0,0,0,0,0,9,3,Argentina,1,0,0,0,0,0,,Female,2,2,2,1,2,2,2,1,5,5,1,2,3,0,,2,3,2,1,1,1,3,-,3,4,5,3,2,5,5,5,4,5,5,4,4,-,5,4,5,4,4,4,4,4,4,4,4,4,5,5,6,6,6,5,,no,1,1,2,3,2,2,1,2,3,4,2,,5,-,5,5,5,5,4,5,5,5,5,5,5,-,4,2,4,5,4,4,4,5,4,4,4,5,4,4,4,2,-,2
27,,"[not completed]",,0,0,0,0,0,0,0,0,0,0,,,,,0,0,0,0,0,0,,,,,,,,,,,,,,,,,,,,,,,,,,,,,,,,,,,,,,,,,,,,,,,,,,,,,,,,,,,,,,,,,,,,,,,,,,,,,,,,,,,,,,,,,,,,,,,,,,,,,,,0
28,,"[not completed]",1,1,0,0,0,0,0,0,0,0,0,0,9,1,,0,0,0,0,0,0,,,1,2,1,1,2,2,1,,,,,,,,,,,,,,,,,,,,,,,,,,,,,,,,,,,,,,,,,,,,,,,,,,,,,,,,,,,,,,,,,,,,,,,,,,,,,,,,,,,,,,,,,,,,,,0
29,,"[not completed]",1,0,1,0,0,0,0,0,0,0,0,0,8,1,USA,1,0,0,0,0,0,,Male,1,2,1,1,1,1,2,,,,,,,,,,,,,,,,,,,,,,,,,,,,,,,,,,,,,,,,,,,,,,,,,,,,,,,,,,,,,,,,,,,,,,,,,,,,,,,,,,,,,,,,,,,,,,0
30,,"2025-02-10 17:20:00",1,0,1,0,0,0,0,0,0,0,0,1,9,5,"United Kingdom",0,1,0,0,0,0,,Female,1,2,1,1,2,2,2,1,5,4,2,3,2,1,cautiously,2,2,1,1,2,2,1,,3,5,5,4,4,5,5,5,3,3,3,3,3,,6,6,6,3,3,3,3,5,3,5,3,3,3,3,4,3,3,2,2,,3,3,3,3,3,3,3,3,3,3,3,3,3,,3,3,3,,3,3,4,3,3,4,3,,2,2,4,4,4,3,4,4,3,4,,4,4,4,4,4,,2
31,,"2025-02-10 18:20:47",3,1,0,0,0,0,0,0,0,0,0,1,4,3,Germany,0,0,0,0,0,0,,male,2,2,2,2,2,2,1,1,6,5,2,3,2,0,,2,1,2,1,2,3,3,,4,4,3,3,3,4,4,4,3,4,3,3,3,,5,5,4,3,3,3,3,5,3,5,5,5,5,5,5,5,5,5,5,,4,4,4,4,4,4,4,5,3,3,3,3,3,,3,3,3,3,4,4,4,3,4,4,4,,2,2,4,4,4,2,2,3,3,3,4,3,3,3,4,4,,2
32,,"[not completed]",3,1,0,0,0,0,0,0,0,0,0,1,4,5,USA,1,0,0,0,0,0,,female,1,2,2,2,2,2,2,,,,,,,,,,,,,,,,,,,,,,,,,,,,,,,,,,,,,,,,,,,,,,,,,,,,,,,,,,,,,,,,,,,,,,,,,,,,,,,,,,,,,,,,,,,,,,0
33,,"2025-02-10 20:03:17",3,1,0,0,0,0,0,0,0,0,0,0,2,1,"United States of America",0,0,0,0,0,0,,Male,1,2,1,1,2,2,3,1,5,4,2,1,1,1,"Document the conflicting findings, and include both sides in the report",1,1,1,1,3,3,3,,5,5,3,1,2,1,1,1,1,1,1,1,1,,5,6,1,1,1,1,1,6,5,6,6,6,1,6,6,6,1,1,1,,3,1,3,3,4,4,4,4,3,3,3,3,3,,4,5,5,5,5,5,5,4,5,3,3,,2,3,4,3,4,4,4,4,4,5,5,4,4,4,5,4,,2
34,,"[not completed]",1,1,0,0,0,0,0,0,0,0,0,0,8,2,"United States",0,0,0,0,0,0,,Male,1,3,3,3,3,3,3,,,,,,,,,,,,,,,,,,,,,,,,,,,,,,,,,,,,,,,,,,,,,,,,,,,,,,,,,,,,,,,,,,,,,,,,,,,,,,,,,,,,,,,,,,,,,,0
35,,"2025-02-11 05:02:27",3,1,0,0,0,0,0,0,0,0,0,1,1,5,Japan,1,0,0,0,0,0,,Male,2,2,2,2,2,2,2,1,6,5,3,2,5,1,"I followed the rules set by the ClinGen HLWG.",2,2,2,3,3,3,3,,1,3,4,3,1,4,4,4,1,1,1,1,1,,6,5,2,1,1,1,1,6,1,6,1,5,5,5,6,6,5,1,1,,1,1,1,1,1,1,1,1,1,4,1,3,1,,5,5,5,4,4,4,4,3,4,4,4,,4,4,4,4,4,3,4,4,3,3,4,3,3,4,4,4,,2
36,,"[not completed]",1,1,0,0,0,0,0,0,0,0,0,1,1,2,"United States",0,0,0,0,0,0,,,1,2,1,1,2,2,2,1,6,5,2,2,2,0,,2,1,1,1,2,2,2,,2,5,4,4,3,4,4,4,4,4,3,3,3,,6,6,6,6,6,4,3,6,3,,,,,,,,,,,,,,,,,,,,,,,,,,,,,,,,,,,,,,,,,,,,,,,,,,,,,,,0
37,,"[not completed]",1,1,0,0,0,0,0,0,0,0,0,0,13,3,Germany,0,0,0,0,0,0,,female,2,2,2,1,2,1,1,1,6,,,,,,,,,,,,,,,,,,,,,,,,,,,,,,,,,,,,,,,,,,,,,,,,,,,,,,,,,,,,,,,,,,,,,,,,,,,,,,,,,,,,,,,,,,,,0
38,,"[not completed]",,0,0,0,0,0,0,0,0,0,0,,,,,0,0,0,0,0,0,,,,,,,,,,,,,,,,,,,,,,,,,,,,,,,,,,,,,,,,,,,,,,,,,,,,,,,,,,,,,,,,,,,,,,,,,,,,,,,,,,,,,,,,,,,,,,,,,,,,,,,0
39,,"[not completed]",3,1,0,0,0,0,0,0,0,0,0,1,5,1,,0,0,0,0,0,0,,female,2,2,2,,2,,,1,6,4,3,2,5,1,"it conflicting functional data:   first: evaluate the quality of the functional assays;    if clearly divergent quality: rather follow the functional assay with better quality;   if similar quality: not use functional evidence",,,,,,,,,,,,,,,,,,,,,,,,,,,,,,,,,,,,,,,,,,,,,,,,,,,,,,,,,,,,,,,,,,,,,,,,,,,,,,,,,,,,,,0
40,,"2025-02-11 14:51:32",1,1,0,0,0,0,0,0,0,0,0,1,4,5,Germany,0,0,0,0,0,0,,,2,,2,2,2,,,1,5,5,3,2,5,1,,,,,,,,,,,4,,,,,,,,,,,,,5,5,,,,,,,,5,,,,,,,,,,,3,3,3,3,1,1,,,4,4,3,3,,,,4,4,,,,,,,,,,,,,,,3,4,4,,,,,,,,5,,2
41,,"[not completed]",1,1,0,0,0,0,0,0,0,0,0,1,9,4,China,1,0,0,0,0,0,,Male,3,2,1,1,2,2,3,,,,,,,,,,,,,,,,,,,,,,,,,,,,,,,,,,,,,,,,,,,,,,,,,,,,,,,,,,,,,,,,,,,,,,,,,,,,,,,,,,,,,,,,,,,,,,0
42,,"2025-02-12 08:35:07",3,1,0,0,0,0,0,0,0,0,0,0,4,5,Germany,0,0,0,0,0,1,,female,2,2,1,1,3,3,3,1,6,4,2,2,3,1,"described conflicting data and mosly classified as VUS",1,1,2,2,,3,1,"evaluating protein structures",4,4,,3,3,2,3,3,2,2,2,,1,,6,5,,,,,2,5,,6,5,,,,5,5,4,4,5,,3,2,4,3,4,4,3,3,3,3,3,3,4,,3,3,3,3,3,4,4,5,5,2,2,,3,,3,3,5,4,3,3,5,2,3,3,4,4,4,4,,2
43,,"[not completed]",,1,0,0,0,0,0,0,0,0,0,1,9,5,Germany,0,0,1,0,0,0,,Female,,,,,,,,,,,,,,,,,,,,,,,,,,,,,,,,,,,,,,,,,,,,,,,,,,,,,,,,,,,,,,,,,,,,,,,,,,,,,,,,,,,,,,,,,,,,,,,,,,,,,0
44,,"2025-02-12 16:33:12",1,1,0,0,1,0,0,0,0,0,0,1,5,4,France,0,0,0,0,0,0,,female,2,2,1,1,2,2,3,1,6,5,2,2,4,0,,2,1,2,3,1,2,3,no,5,4,4,,1,3,2,2,2,2,2,1,1,,5,4,4,1,1,1,1,4,1,5,1,1,1,1,4,1,1,1,1,,5,5,5,5,5,5,5,5,5,5,5,5,5,,5,2,2,4,2,2,4,5,5,5,3,,2,3,4,4,4,4,3,4,4,3,3,3,5,4,4,4,,2
45,,"2025-02-13 08:14:55",1,1,0,0,0,0,0,0,0,0,0,0,13,3,Germany,0,0,0,0,0,0,,female,2,2,2,1,3,1,1,1,6,5,2,2,4,1,"classification as VUS",2,2,2,2,1,1,1,,3,4,4,4,2,2,3,3,1,1,1,1,1,,5,5,3,2,2,1,1,6,1,5,5,5,5,3,6,6,6,4,4,,2,2,3,3,2,3,2,2,1,1,2,2,1,,5,5,5,4,5,5,5,3,3,4,4,,3,2,3,3,5,5,4,4,5,4,4,5,4,5,5,4,,2
46,,"2025-02-13 10:51:24",1,0,0,0,0,0,1,0,0,0,0,0,4,1,Denmark,0,0,0,0,0,1,,Male,2,2,2,2,2,2,3,1,5,5,2,2,5,1,"Assesed the articles to find which is most trustworthy/which of the functional evidense should count more",2,3,2,2,2,2,1,,3,4,3,4,3,4,4,4,,4,4,4,1,,4,6,5,1,1,1,1,5,1,4,4,5,5,5,5,5,5,1,1,,4,4,4,4,4,4,4,4,3,4,5,4,1,,5,5,5,5,3,4,2,5,5,5,3,,2,2,4,4,4,3,4,4,3,4,4,4,2,4,4,4,,2
47,,"2025-02-14 03:01:57",3,1,0,0,0,0,0,0,0,0,0,1,4,3,China,1,0,0,0,0,0,,Male,2,2,2,2,2,2,2,1,6,5,2,5,3,1,"Functional result is usually assessed as supporting evidence to interpret the genetic phenomenon In most cases, such variants will likely remain classified as VUS, unless the reasons for the conflict in functional results can be explained or resolved.",2,2,2,2,2,2,2,"not yet",3,2,3,2,2,2,3,4,2,2,2,2,1,No,4,4,3,3,1,1,1,3,1,3,3,3,5,5,6,6,6,5,5,No,1,1,1,1,1,1,4,4,3,4,1,1,4,No,5,4,4,4,2,5,3,4,4,5,3,No,3,3,5,4,5,5,4,3,5,5,5,5,5,5,5,3,No,2
48,,"[not completed]",1,0,0,0,0,0,0,0,0,0,1,1,9,4,Pakistan,0,0,0,0,0,0,,Female,1,2,2,2,1,3,1,,,,,,,,,,,,,,,,,,,,,,,,,,,,,,,,,,,,,,,,,,,,,,,,,,,,,,,,,,,,,,,,,,,,,,,,,,,,,,,,,,,,,,,,,,,,,,0
49,,"[not completed]",1,0,1,0,0,0,0,0,0,0,0,0,9,2,Pakistan,0,0,0,0,0,1,,Female,,,,,,,,,,,,,,,,,,,,,,,,,,,,,,,,,,,,,,,,,,,,,,,,,,,,,,,,,,,,,,,,,,,,,,,,,,,,,,,,,,,,,,,,,,,,,,,,,,,,,0
50,,"[not completed]",3,0,0,1,0,0,0,0,0,0,0,1,8,2,Iran,0,0,0,0,0,1,,Female,2,2,2,2,2,3,3,1,6,4,2,3,2,0,,2,3,2,3,3,3,3,,3,5,5,4,1,4,5,5,5,5,5,5,5,,5,5,6,1,6,6,4,3,4,5,6,6,1,6,5,5,5,5,5,,,,,,,,,,,,,,,,,,,,,,,,,,,,,,,,,,,,,,,,,,,,,0
51,,"2025-02-14 07:41:32",3,1,0,0,0,0,0,0,0,0,0,1,1,2,"South Korea",0,0,0,0,0,1,,Male,2,2,1,1,2,2,3,1,6,5,2,2,2,1,"We usually try to confirm the pathogenicity of variants in vivo using animal models",2,2,2,2,2,2,2,,4,4,3,4,3,4,5,5,2,3,3,2,2,,4,3,5,3,3,3,3,3,3,4,4,5,4,4,5,5,5,5,5,,4,4,5,4,4,5,5,5,4,4,3,3,4,,5,4,4,5,5,5,5,5,4,4,5,,4,4,4,4,4,4,4,5,4,3,3,4,4,4,4,4,,2
52,,"[not completed]",2,1,0,0,0,0,0,0,0,0,0,1,9,5,India,0,0,0,0,0,0,,Female,,2,3,3,3,3,3,,,,,,,,,,,,,,,,,,,,,,,,,,,,,,,,,,,,,,,,,,,,,,,,,,,,,,,,,,,,,,,,,,,,,,,,,,,,,,,,,,,,,,,,,,,,,,0
53,,"[not completed]",,0,0,0,0,0,0,0,0,0,0,,,,,0,0,0,0,0,0,,,,,,,,,,,,,,,,,,,,,,,,,,,,,,,,,,,,,,,,,,,,,,,,,,,,,,,,,,,,,,,,,,,,,,,,,,,,,,,,,,,,,,,,,,,,,,,,,,,,,,,0
54,,"[not completed]",,0,0,0,0,0,0,0,0,0,0,,,,,0,0,0,0,0,0,,,,,,,,,,,,,,,,,,,,,,,,,,,,,,,,,,,,,,,,,,,,,,,,,,,,,,,,,,,,,,,,,,,,,,,,,,,,,,,,,,,,,,,,,,,,,,,,,,,,,,,0
55,,"2025-02-14 08:46:55",1,1,0,0,0,0,0,0,0,0,0,0,4,5,Germany,0,0,0,0,0,0,,Male,2,2,2,2,2,2,1,1,6,4,2,3,2,0,,2,1,2,1,1,1,1,,5,5,5,4,4,4,4,4,3,3,3,3,3,,6,6,1,1,1,1,3,3,1,6,5,5,1,5,5,5,5,5,5,,2,2,2,2,2,2,1,1,1,1,1,1,2,,4,4,4,4,2,2,2,2,2,2,2,,4,3,4,3,3,4,4,4,4,4,4,5,5,5,5,5,,2
56,,"[not completed]",2,1,0,0,0,0,0,0,0,0,0,0,9,5,Germany,0,0,0,0,0,0,,female,1,2,2,1,2,2,3,,,,,,,,,,,,,,,,,,,,,,,,,,,,,,,,,,,,,,,,,,,,,,,,,,,,,,,,,,,,,,,,,,,,,,,,,,,,,,,,,,,,,,,,,,,,,,0
57,,"2025-02-14 09:28:55",1,1,0,0,0,0,0,0,0,0,0,0,9,1,Iran,0,0,0,0,0,0,,Female,2,2,2,3,2,3,3,1,3,3,1,1,1,0,,2,3,3,3,3,3,2,,3,5,4,5,4,5,5,5,,4,4,4,4,,5,5,6,,,,,4,,5,,,1,,,,,,,,5,3,4,4,4,5,5,5,,,2,2,2,,2,,,,,,,,,,,,4,4,4,,4,4,4,3,4,4,4,4,4,4,4,4,,2
58,,"[not completed]",,0,0,0,0,0,0,0,0,0,0,,,,,0,0,0,0,0,0,,,,,,,,,,,,,,,,,,,,,,,,,,,,,,,,,,,,,,,,,,,,,,,,,,,,,,,,,,,,,,,,,,,,,,,,,,,,,,,,,,,,,,,,,,,,,,,,,,,,,,,0
59,,"[not completed]",2,1,0,0,0,0,0,0,0,0,0,0,4,3,Portugal,0,0,0,0,0,0,,Female,2,1,2,2,2,2,3,,,,,,,,,,,,,,,,,,,,,,,,,,,,,,,,,,,,,,,,,,,,,,,,,,,,,,,,,,,,,,,,,,,,,,,,,,,,,,,,,,,,,,,,,,,,,,0
60,,"2025-02-14 11:52:43",1,0,0,0,0,0,0,0,0,0,1,0,9,1,,0,0,0,0,0,1,,female,2,2,2,2,3,3,1,1,3,3,2,1,1,0,,2,3,3,3,3,1,3,No,3,3,5,4,1,5,5,5,5,5,4,4,4,No,6,6,5,5,5,6,,5,5,6,6,5,5,6,6,6,6,5,5,,5,5,4,4,4,4,5,5,5,,1,1,5,,5,5,5,5,5,5,4,5,5,5,5,,4,3,5,5,5,5,4,4,5,5,5,5,5,4,5,5,,2
61,,"2025-02-14 12:56:44",3,1,0,0,0,0,0,0,0,0,0,1,3,3,"United States",0,0,0,0,0,0,,female,2,1,2,2,2,2,1,1,6,4,2,3,2,0,,2,2,2,3,3,3,3,,2,2,2,2,2,3,3,3,2,2,2,2,2,,6,6,4,1,1,1,1,4,1,6,5,5,1,5,6,6,6,6,6,,3,3,3,3,3,3,3,3,5,5,4,4,4,,3,5,2,2,2,2,2,4,4,5,2,,,,,,,3,,,,,,,,,,,,2
62,,"2025-02-14 13:26:31",2,0,1,0,0,0,0,0,0,0,0,0,9,1,Pakistan,0,0,0,0,0,1,,Male,3,2,2,2,2,2,3,1,5,4,2,2,2,0,,3,3,3,3,2,2,2,,2,4,4,4,4,5,5,5,5,5,5,4,3,,4,6,6,5,5,5,5,6,5,6,3,3,3,3,6,5,5,5,3,,5,5,5,5,5,5,5,5,5,4,3,3,3,,5,5,5,5,5,5,5,5,5,5,5,,3,2,4,4,4,4,4,4,4,5,5,4,4,4,4,4,,2
63,,"[not completed]",2,1,0,0,0,0,0,0,0,0,0,,3,4,USA,1,0,0,0,0,0,,,2,2,2,2,2,2,2,,,,,,,,,,,,,,,,,,,,,,,,,,,,,,,,,,,,,,,,,,,,,,,,,,,,,,,,,,,,,,,,,,,,,,,,,,,,,,,,,,,,,,,,,,,,,,0
64,,"2025-02-14 14:51:02",1,1,1,0,0,0,0,0,0,0,0,0,5,2,Slovakia,0,0,0,0,0,1,,F,2,2,2,2,2,2,3,1,6,4,2,3,3,0,,2,2,2,2,2,2,2,no,5,5,3,3,1,4,4,4,2,4,4,3,1,no,6,4,4,4,1,1,4,6,1,6,6,4,4,6,6,6,4,1,1,no,1,1,2,4,1,5,1,1,5,1,1,5,5,no,3,3,3,5,5,5,5,5,5,5,3,no,2,3,5,5,5,5,5,5,5,5,5,5,5,5,5,4,no,2
65,,"2025-02-14 18:00:09",1,1,0,0,0,0,0,0,0,0,0,,4,1,Mali,0,0,0,0,0,0,,,3,2,2,2,3,,,1,3,3,1,1,1,,,3,2,3,3,3,3,3,,3,3,1,1,5,1,1,1,1,1,1,1,1,,6,6,6,4,5,5,4,6,5,6,6,6,6,6,6,6,6,6,6,,1,1,1,1,1,1,1,1,1,1,1,1,1,,5,5,5,5,,5,5,5,5,5,5,,3,3,3,3,3,5,2,5,5,5,5,5,5,5,5,5,,2
66,,"2025-02-14 15:43:29",2,1,0,0,0,0,0,0,0,0,0,1,12,5,"United States",1,0,0,0,0,0,,female,1,1,2,2,2,2,2,1,3,5,1,1,1,0,,1,1,1,3,2,2,2,,3,3,5,4,3,3,3,3,2,2,2,2,2,,4,5,1,1,1,1,1,1,1,6,5,5,6,5,1,1,1,6,1,,5,5,5,5,5,5,5,4,4,5,4,4,4,,5,5,4,4,5,5,5,4,4,5,5,,4,3,2,2,4,4,4,4,2,4,4,4,3,4,4,5,,2
67,,"2025-02-14 15:43:30",1,1,0,0,0,0,0,0,0,0,0,1,4,5,"United Kingdom",1,1,0,0,0,0,,male,2,2,2,2,2,2,,1,4,2,2,2,2,1,"varies dependent upon the nature of it and the balance",2,2,2,2,2,2,2,"often not clear - no resources to know who is undertaking this type of reclassification research",3,4,3,3,3,3,4,3,3,3,3,3,3,"tRNA processing assays  aminoacylation assays",5,5,4,4,4,4,4,4,5,5,5,5,4,5,4,4,4,2,2,,3,3,3,3,3,3,3,3,3,3,3,3,3,,4,3,3,3,3,3,3,4,3,3,3,,3,3,3,3,3,4,4,4,4,4,4,3,3,3,3,3,,2
68,,"[not completed]",,0,0,0,0,0,0,0,0,0,0,,,,,0,0,0,0,0,0,,,,,,,,,,,,,,,,,,,,,,,,,,,,,,,,,,,,,,,,,,,,,,,,,,,,,,,,,,,,,,,,,,,,,,,,,,,,,,,,,,,,,,,,,,,,,,,,,,,,,,,0
69,,"[not completed]",,0,0,0,0,0,0,0,0,0,0,,,,,0,0,0,0,0,0,,,,,,,,,,,,,,,,,,,,,,,,,,,,,,,,,,,,,,,,,,,,,,,,,,,,,,,,,,,,,,,,,,,,,,,,,,,,,,,,,,,,,,,,,,,,,,,,,,,,,,,0
70,,"2025-02-14 16:46:46",3,0,0,1,0,0,0,0,0,0,0,1,8,2,,0,0,0,0,0,1,,,2,2,2,2,2,3,3,1,6,4,2,3,2,0,,2,3,3,3,3,3,3,,3,4,5,3,2,4,4,4,4,4,4,4,3,,4,5,5,1,1,5,4,4,4,5,5,5,1,5,5,5,5,5,5,,3,3,3,3,3,3,3,3,3,2,3,3,3,,5,5,5,5,4,4,3,3,4,5,5,,4,4,4,3,4,4,4,3,4,4,4,4,5,5,4,4,,2
71,,"[not completed]",2,1,0,0,0,0,0,0,0,0,0,0,3,2,USA,0,0,0,0,0,0,,Female,2,2,2,2,2,2,3,,,,,,,,,,,,,,,,,,,,,,,,,,,,,,,,,,,,,,,,,,,,,,,,,,,,,,,,,,,,,,,,,,,,,,,,,,,,,,,,,,,,,,,,,,,,,,0
72,,"2025-02-14 16:33:47",2,1,0,0,0,0,0,0,0,0,0,1,3,4,,1,0,0,0,0,0,,,2,2,2,2,2,2,2,1,6,3,1,3,2,0,,2,2,2,3,2,2,3,,2,3,4,4,2,3,2,2,3,3,3,2,2,,4,4,4,4,,,4,,4,2,5,4,6,5,6,6,6,6,6,,1,1,2,2,2,3,4,4,3,4,1,3,5,,2,2,2,2,5,5,5,5,5,5,5,,2,2,4,4,5,4,4,4,4,4,4,3,4,4,4,3,,2
73,,"[not completed]",2,1,0,0,0,0,0,0,0,0,0,0,3,2,"United States of America",0,0,0,0,0,0,,,2,3,2,2,1,2,3,,,,,,,,,,,,,,,,,,,,,,,,,,,,,,,,,,,,,,,,,,,,,,,,,,,,,,,,,,,,,,,,,,,,,,,,,,,,,,,,,,,,,,,,,,,,,,0
74,,"[not completed]",,0,0,0,0,0,0,0,0,0,0,,,,,0,0,0,0,0,0,,,,,,,,,,,,,,,,,,,,,,,,,,,,,,,,,,,,,,,,,,,,,,,,,,,,,,,,,,,,,,,,,,,,,,,,,,,,,,,,,,,,,,,,,,,,,,,,,,,,,,,0
75,,"[not completed]",3,1,0,0,0,0,0,0,0,0,0,1,1,5,Spain,0,0,0,1,0,0,,male,2,2,2,2,3,2,3,1,4,3,2,2,2,0,,,,,,,,,,,,,,,,,,,,,,,,,,,,,,,,,,,,,,,,,,,,,,,,,,,,,,,,,,,,,,,,,,,,,,,,,,,,,,,,,,,,,,,0
76,,"[not completed]",2,1,0,0,0,0,0,0,0,0,0,0,3,2,"United States",0,0,0,0,0,0,,female,2,2,2,2,2,2,1,,,,,,,,,,,,,,,,,,,,,,,,,,,,,,,,,,,,,,,,,,,,,,,,,,,,,,,,,,,,,,,,,,,,,,,,,,,,,,,,,,,,,,,,,,,,,,0
77,,"[not completed]",2,1,0,0,0,0,0,0,0,0,0,0,3,2,Canada,0,0,0,0,0,0,,,1,1,2,2,1,2,1,,,,,,,,,,,,,,,,,,,,,,,,,,,,,,,,,,,,,,,,,,,,,,,,,,,,,,,,,,,,,,,,,,,,,,,,,,,,,,,,,,,,,,,,,,,,,,0
78,,"2025-02-14 18:23:16",2,1,0,0,0,0,0,0,0,0,0,0,8,1,"United States",1,0,0,0,0,0,,Male,3,2,3,1,3,3,2,1,5,4,2,2,5,1,"The practice in ClinGen VCEPs is to consult the experts about which piece of functional evidence is more convincing, if any. The evidence with better controls or more clinically relevant assays may be prioritized.",2,2,3,1,3,3,3,"Sometimes in the context of ClinGen VCEPs, the group members have the opportunity to advise research labs in the design of high-throughput assays which they hope will have sufficient positive and negative control variants to be awarded higher strength within the ACMG/AMP framework.",4,4,3,4,2,4,2,5,2,2,4,3,1,,5,2,1,1,1,1,1,4,4,6,6,6,6,1,1,1,1,6,1,,1,1,1,1,1,1,4,3,2,3,1,1,1,,3,2,2,2,2,5,5,3,2,5,5,,4,3,2,3,3,5,3,2,5,4,4,4,5,5,5,2,,2
79,,"[not completed]",2,1,0,0,1,0,0,0,0,0,0,0,3,1,"United States",0,0,0,0,0,0,,,2,2,2,2,2,1,1,,,,,,,,,,,,,,,,,,,,,,,,,,,,,,,,,,,,,,,,,,,,,,,,,,,,,,,,,,,,,,,,,,,,,,,,,,,,,,,,,,,,,,,,,,,,,,0
80,,"2025-02-14 20:46:17",2,1,0,0,0,0,0,0,0,0,0,1,9,5,"Czech Republic",1,0,0,0,0,0,,Female,2,2,2,2,2,2,2,1,4,4,2,2,2,1,"There are many in ClinVar, we try to have a deeper look in the the literature and ocasionally generate our own data",1,2,2,2,2,2,3,,4,5,4,1,3,2,1,1,1,1,1,1,1,,5,,1,1,1,1,1,5,1,6,5,5,6,5,5,2,2,6,3,,2,2,2,2,2,2,2,2,2,2,2,2,2,,3,2,2,2,3,,,,,,2,,3,3,3,3,4,4,4,4,4,3,4,3,3,4,4,3,,2
81,,"2025-02-15 09:35:43",2,1,0,0,0,0,0,0,0,0,0,1,5,1,Greece,1,1,1,0,0,0,,Male,2,2,2,2,2,2,2,1,6,4,2,2,2,1,"I am reviewing each functional experiments (methods and material) to conclude which is the most strong evidence.",2,2,2,2,2,2,2,,3,4,5,4,3,3,3,3,3,3,3,4,3,,5,4,4,3,1,1,1,5,5,5,6,6,6,6,5,6,6,6,6,,4,3,3,3,3,3,3,3,4,4,4,4,3,,4,3,3,4,3,3,4,4,4,5,5,,4,4,5,4,4,4,4,4,4,3,4,3,2,5,4,3,,2
82,,"[not completed]",1,1,0,0,0,0,0,0,0,0,0,0,,,,0,0,0,0,0,0,,,,,,,,,,,,,,,,,,,,,,,,,,,,,,,,,,,,,,,,,,,,,,,,,,,,,,,,,,,,,,,,,,,,,,,,,,,,,,,,,,,,,,,,,,,,,,,,,,,,,,,0
83,,"[not completed]",2,1,0,0,1,0,0,0,0,0,0,1,4,5,"United States",1,0,0,0,0,0,,Female,2,2,2,2,2,2,2,1,6,4,2,3,2,1,"evaluate based on evidence presented",1,2,2,1,2,2,2,,,,,,,,,,,,,,,,,,,,,,,,,,,,,,,,,,,,,,,,,,,,,,,,,,,,,,,,,,,,,,,,,,,,,,,,,,,,,,,0
84,,"2025-02-16 08:10:32",3,1,0,0,0,0,0,0,0,0,0,0,8,2,UAE,0,0,0,0,0,1,,Male,2,2,1,1,2,3,1,1,5,4,3,3,2,0,,2,2,2,3,2,2,3,NO,3,2,4,4,4,5,5,5,5,5,5,5,5,,3,4,4,5,5,5,5,5,5,6,5,5,5,5,5,5,5,5,5,NO,2,3,3,3,3,3,4,4,4,3,3,4,4,NO,4,4,4,4,4,3,3,4,4,3,3,,4,4,5,5,5,5,5,4,5,5,5,5,4,5,5,3,,2
85,,"[not completed]",,0,0,0,0,0,0,0,0,0,0,,,,,0,0,0,0,0,0,,,,,,,,,,,,,,,,,,,,,,,,,,,,,,,,,,,,,,,,,,,,,,,,,,,,,,,,,,,,,,,,,,,,,,,,,,,,,,,,,,,,,,,,,,,,,,,,,,,,,,,0
86,,"[not completed]",1,0,1,0,0,0,0,0,0,0,0,1,9,3,Pakistan,0,0,0,0,0,1,,Male,3,3,2,2,2,2,2,,,,,,,,,,,,,,,,,,,,,,,,,,,,,,,,,,,,,,,,,,,,,,,,,,,,,,,,,,,,,,,,,,,,,,,,,,,,,,,,,,,,,,,,,,,,,,0
87,,"[not completed]",3,1,0,0,0,0,0,0,0,0,0,0,9,1,Germany,1,0,1,0,0,0,,female,2,2,2,1,1,3,1,,,,,,,,,,,,,,,,,,,,,,,,,,,,,,,,,,,,,,,,,,,,,,,,,,,,,,,,,,,,,,,,,,,,,,,,,,,,,,,,,,,,,,,,,,,,,,0
88,,"[not completed]",3,0,0,0,0,0,1,0,0,0,0,1,4,2,Denmark,0,0,0,0,0,0,,Female,2,3,2,2,2,2,1,1,6,4,2,2,2,0,,1,1,2,2,3,3,3,,,,,,,,,,,,,,,,,,,,,,,,,,,,,,,,,,,,,,,,,,,,,,,,,,,,,,,,,,,,,,,,,,,,,,,,,,,,,,,0
89,,"2025-02-17 16:07:51",1,1,0,0,0,0,0,0,0,0,0,1,7,2,Germany,0,0,0,0,0,0,,female,2,2,,2,2,2,,1,6,5,2,3,,1,"Detail paper reading. If unclear, this information were not used for variant classification. ",2,2,2,1,2,,,,2,5,3,4,1,5,4,5,4,4,5,3,3,,6,5,5,5,4,1,4,4,1,6,3,1,1,1,6,1,1,1,1,,5,2,3,3,2,5,5,5,5,5,5,4,2,,5,5,5,5,4,4,4,4,,5,5,,2,3,4,4,5,5,4,4,5,5,5,4,5,5,5,4,,2
90,,"[not completed]",2,1,0,0,0,0,0,0,0,0,0,0,3,2,Singapore,0,0,0,0,0,0,,"Female ",,,,,,,,,,,,,,,,,,,,,,,,,,,,,,,,,,,,,,,,,,,,,,,,,,,,,,,,,,,,,,,,,,,,,,,,,,,,,,,,,,,,,,,,,,,,,,,,,,,,,0
91,,"2025-02-19 03:41:26",2,1,0,0,0,0,0,0,0,0,0,0,3,2,Singapore,0,0,0,0,0,0,,Female,2,2,2,2,2,2,3,1,3,5,2,2,2,0,,3,3,2,3,3,1,1,,4,3,4,4,2,2,3,3,3,3,3,3,3,,4,5,1,1,1,1,1,3,1,5,5,4,4,4,4,1,1,4,1,,3,2,4,4,3,4,4,4,5,3,4,3,4,,4,2,2,4,4,4,4,4,4,4,3,,2,2,4,4,5,3,4,4,3,3,4,4,3,4,4,3,,2
92,,"2025-02-19 17:05:10",3,1,0,0,0,0,0,0,0,0,0,1,9,4,USA,0,0,0,0,0,0,,male,3,2,2,2,2,2,3,1,6,4,1,4,2,1,"I integrate with other evidence  and consider clinical, segregation, and computational data to support or refute functional findings.",3,2,2,1,3,3,2,,5,4,5,4,4,5,5,5,3,5,5,5,2,,5,4,6,6,5,5,5,5,5,5,4,5,1,1,1,1,1,1,1,,4,2,4,4,2,4,4,4,2,4,2,2,2,,5,5,5,5,5,4,4,5,5,4,5,,2,5,3,3,5,5,5,5,4,3,4,3,4,4,4,4,,2
93,,"2025-02-19 16:33:33",2,0,1,0,0,0,0,0,0,0,0,0,9,2,Switzerland,0,0,0,0,0,0,,Female,3,2,2,2,2,2,2,1,6,4,2,3,4,1,"As I am lucky to work in a research genetic lab myself, I performed a new functional validation and confirmed one of the previous assessments.",2,2,3,2,2,2,2,,4,5,5,4,3,4,4,4,3,4,4,4,2,,6,6,5,1,1,1,1,5,1,6,5,6,6,1,1,5,1,6,1,"Maybe those:  PMID: 31690835  PMID: 30192042",2,1,3,3,2,4,4,4,3,1,2,2,5,"Paid access to some publications that describe details of the functional evidence. Not enough data on the assay details in the published literature.",5,5,5,4,4,4,5,5,5,5,5,"I don't have any additional but I strongly support the trainings and more accessible ACMG meetings plus the idea of the ability to request generation of functional data for an individual variant!",2,3,4,4,5,4,4,4,4,5,5,5,4,5,5,3,,2
94,,"[not completed]",1,0,0,1,0,0,0,0,0,0,0,1,8,2,India,0,0,0,0,0,1,,"Female ",2,2,2,3,3,3,3,,,,,,,,,,,,,,,,,,,,,,,,,,,,,,,,,,,,,,,,,,,,,,,,,,,,,,,,,,,,,,,,,,,,,,,,,,,,,,,,,,,,,,,,,,,,,,0
95,,"2025-02-20 06:16:20",3,0,0,1,0,0,0,0,1,0,0,1,8,2,Germany,1,1,1,1,1,1,"OMIM, ClinVar, HGMD, Mastermind, GeneReviews",Male,2,2,2,1,1,3,3,1,6,4,2,4,3,1,"Not applying either PS3 or BS3 at any level strenght.",2,2,2,1,1,1,1,,4,4,3,4,2,4,4,4,4,4,4,4,4,,6,4,4,3,3,3,3,3,2,2,6,6,6,6,6,6,,6,6,,4,4,4,4,4,4,4,4,5,5,5,5,5,,5,4,4,3,5,5,5,4,4,5,3,,3,3,5,4,5,4,4,4,5,5,5,4,4,5,5,4,,2
96,,"[not completed]",1,0,1,0,0,0,0,0,0,0,0,1,1,5,,0,0,0,0,0,1,,,,,,,,,,,,,,,,,,,,,,,,,,,,,,,,,,,,,,,,,,,,,,,,,,,,,,,,,,,,,,,,,,,,,,,,,,,,,,,,,,,,,,,,,,,,,,,,,,,,,,,0
97,,"[not completed]",3,0,0,0,0,0,0,0,0,0,1,1,8,3,"United Arab Emirates",0,0,0,0,0,1,,Male,2,3,2,2,2,1,1,1,6,4,2,2,2,1,"By assessment of the available literature and no of good quality studies, especially which involves variant specific in vitro or in vivo studies and count of the reliability of available functional data - if one study has in vitro or in vivo data and other study has only poor functional validation, then I will consider the better study for weighing on the variants. ",2,3,2,2,3,3,3,,3,3,5,3,1,3,4,4,3,4,4,3,1,,,,,,,,,,,,,,,,,,,,,,,,,,,,,,,,,,,,,,,,,,,,,,,,,,,,,,,,,,,,,,,,,0
98,,"2025-02-20 14:02:41",3,1,0,0,0,0,0,0,0,0,0,0,5,1,Netherlands,1,0,0,0,0,0,,Female,2,1,2,1,2,2,2,1,6,4,2,4,5,0,,2,2,2,2,1,1,1,,5,5,5,4,2,3,3,2,3,3,2,3,1,,5,4,4,4,1,1,1,5,1,4,5,6,6,1,5,5,5,6,5,,3,1,4,4,2,4,4,4,3,3,4,5,3,,4,4,4,,3,3,3,5,5,5,5,,2,3,5,4,5,4,4,5,5,4,3,3,3,4,4,4,,2
99,,"[not completed]",1,0,1,0,0,0,0,0,0,0,0,0,9,2,India,1,0,0,0,0,0,,Male,3,3,2,2,2,3,3,,,,,,,,,,,,,,,,,,,,,,,,,,,,,,,,,,,,,,,,,,,,,,,,,,,,,,,,,,,,,,,,,,,,,,,,,,,,,,,,,,,,,,,,,,,,,,0
100,,"[not completed]",,0,0,0,0,0,0,0,0,0,0,,,,,0,0,0,0,0,0,,,,,,,,,,,,,,,,,,,,,,,,,,,,,,,,,,,,,,,,,,,,,,,,,,,,,,,,,,,,,,,,,,,,,,,,,,,,,,,,,,,,,,,,,,,,,,,,,,,,,,,0
101,,"[not completed]",,0,0,0,0,0,0,0,0,0,0,,,,,0,0,0,0,0,0,,,,,,,,,,,,,,,,,,,,,,,,,,,,,,,,,,,,,,,,,,,,,,,,,,,,,,,,,,,,,,,,,,,,,,,,,,,,,,,,,,,,,,,,,,,,,,,,,,,,,,,0
102,,"2025-02-25 13:00:28",1,1,0,0,0,0,0,0,0,0,0,0,9,2,Qatar,0,0,0,0,0,1,,Male,1,2,1,1,1,1,1,1,6,4,2,2,2,0,,2,2,1,1,2,1,2,none,4,4,5,4,3,4,5,4,3,4,4,4,3,,6,4,5,5,5,5,4,4,3,6,4,3,3,3,3,2,2,2,2,,4,4,4,4,4,4,4,4,3,4,3,3,2,,4,4,4,4,4,4,4,4,3,4,4,,4,3,4,4,4,4,4,4,4,3,3,4,4,4,4,4,,2
103,,"2025-02-26 08:50:34",3,1,0,0,0,0,1,0,0,0,0,0,4,1,Denmark,0,0,0,0,0,0,,Male,2,3,1,1,2,2,1,1,6,5,2,2,,1,"The evidence was discussed in Multidiciplinary teams or with other peers according to the ClinGen disease-specific classification guidelines or the ClinGen PS3/BS3 guideline.  ",3,1,2,3,3,3,3,,4,4,3,4,2,3,4,4,2,3,3,2,2,,5,3,1,1,1,1,1,5,1,5,6,6,5,5,6,6,6,6,6,,4,4,4,4,4,3,4,3,2,2,3,3,3,,4,,,3,3,5,5,4,4,5,3,,2,2,4,4,5,,4,4,5,4,5,4,5,5,5,3,,2
104,,"2025-02-26 09:47:58",1,1,0,0,0,0,0,0,0,0,0,1,9,5,Spain,1,0,0,0,0,0,,Male,2,2,2,3,2,2,2,1,5,3,2,2,2,0,,2,2,2,1,2,2,2,,5,5,5,4,3,4,3,4,3,3,3,3,2,,5,5,5,3,3,3,3,4,4,5,6,6,5,6,6,6,6,6,6,,2,2,3,3,3,4,2,2,1,1,1,1,,,5,4,4,4,4,4,5,5,5,5,5,,4,4,3,3,5,4,4,4,5,4,4,4,4,4,4,4,,2
105,,"[not completed]",,0,0,0,0,0,0,0,0,0,0,,,,,0,0,0,0,0,0,,,,,,,,,,,,,,,,,,,,,,,,,,,,,,,,,,,,,,,,,,,,,,,,,,,,,,,,,,,,,,,,,,,,,,,,,,,,,,,,,,,,,,,,,,,,,,,,,,,,,,,0
106,,"[not completed]",,0,0,0,0,0,0,0,0,0,0,,,,,0,0,0,0,0,0,,,,,,,,,,,,,,,,,,,,,,,,,,,,,,,,,,,,,,,,,,,,,,,,,,,,,,,,,,,,,,,,,,,,,,,,,,,,,,,,,,,,,,,,,,,,,,,,,,,,,,,0
107,,"[not completed]",,0,0,0,0,0,0,0,0,0,0,,,,,0,0,0,0,0,0,,,,,,,,,,,,,,,,,,,,,,,,,,,,,,,,,,,,,,,,,,,,,,,,,,,,,,,,,,,,,,,,,,,,,,,,,,,,,,,,,,,,,,,,,,,,,,,,,,,,,,,0
108,,"[not completed]",,0,0,0,0,0,0,0,0,0,0,,,,,0,0,0,0,0,0,,,,,,,,,,,,,,,,,,,,,,,,,,,,,,,,,,,,,,,,,,,,,,,,,,,,,,,,,,,,,,,,,,,,,,,,,,,,,,,,,,,,,,,,,,,,,,,,,,,,,,,0
109,,"[not completed]",,0,0,0,0,0,0,0,0,0,0,,,,,0,0,0,0,0,0,,,,,,,,,,,,,,,,,,,,,,,,,,,,,,,,,,,,,,,,,,,,,,,,,,,,,,,,,,,,,,,,,,,,,,,,,,,,,,,,,,,,,,,,,,,,,,,,,,,,,,,0
110,,"[not completed]",,0,0,0,0,0,0,0,0,0,0,,,,,0,0,0,0,0,0,,,,,,,,,,,,,,,,,,,,,,,,,,,,,,,,,,,,,,,,,,,,,,,,,,,,,,,,,,,,,,,,,,,,,,,,,,,,,,,,,,,,,,,,,,,,,,,,,,,,,,,0
111,,"[not completed]",2,1,0,0,0,0,0,0,0,0,0,1,9,5,Germany,0,0,0,0,0,0,,Female,1,2,2,1,2,2,1,1,6,4,2,3,4,0,,2,1,1,1,2,2,,,5,5,5,5,3,5,5,5,3,4,4,3,3,,6,6,6,6,6,6,6,4,5,4,4,4,4,4,1,1,5,5,1,,,,,,,,,,,,,,,,,,,,,,,,,,,,,,,,,,,,,,,,,,,,,0
112,,"2025-02-27 01:13:07",2,1,0,0,0,0,0,0,0,0,0,1,9,4,Australia,1,0,0,0,0,0,,F,,2,2,2,2,2,2,1,5,5,2,2,3,1,"As part of a ClinGen VCEP, we developed recommendations based on the Brnich et al paper (PMID 31892348). If results from different assays are conflicting for a single variant, then the result from the assay with the highest level of validation and a conclusive result can override the result from the other assay. However, if the results from the study with the highest level of validation are inconclusive , then functional evidence is not used for that variant.",2,,,2,2,2,2,,5,5,5,3,1,5,5,5,4,4,4,3,3,,6,6,5,1,1,1,1,6,4,6,6,6,6,6,6,5,5,5,6,,3,3,3,3,3,1,3,2,3,4,4,4,2,,3,1,2,3,4,4,2,5,5,5,5,,2,2,3,3,4,4,4,4,5,5,5,3,4,5,5,4,,2
113,,"2025-02-28 08:55:55",1,1,0,0,0,0,1,0,0,0,0,1,4,3,"Czech Republic",0,0,0,0,0,0,,female,2,2,2,2,2,3,3,1,4,4,2,2,1,1,"it is often an overestimation of the pathogenic variant, even though other evidence suggests otherwise and population data on the variant are also quite high.",2,2,2,3,2,3,3,,3,4,2,3,3,3,3,3,2,2,2,2,2,,6,6,,2,1,1,1,6,1,6,1,1,1,1,4,2,2,2,2,,4,4,4,4,4,5,4,3,3,4,3,3,3,,5,5,5,3,3,4,,3,5,5,2,,3,3,4,4,5,3,4,2,4,4,5,4,5,5,5,5,,2
114,,"[not completed]",3,0,1,0,0,0,0,0,0,0,0,1,5,5,Argentina,1,0,0,0,0,0,,female,2,2,2,2,2,2,2,1,6,4,2,2,2,0,,2,2,2,2,2,2,1,,2,3,3,3,3,5,5,5,5,5,5,5,5,,,3,3,4,,,4,5,,5,5,,,,5,5,5,5,,,3,2,3,3,3,3,4,4,1,1,1,3,,,,,,,,,,,,,,,,,,,,,,,,,,,,,,,,0
115,,"2025-02-28 19:41:46",3,1,0,0,0,0,0,0,0,0,0,0,8,1,Germany,0,0,0,0,0,1,,female,2,1,2,1,1,2,1,1,6,4,2,3,4,1,"Assessment of the functional studies by considering the model organism(s) utilized, assay calibration, usage of negative and positive controls, type of experiments performed, impact factor of the publishing journal. Weighing the studies against each other and consulting with other professionals.",1,1,2,2,1,1,1,,4,4,4,4,2,4,5,5,4,4,4,3,3,,5,,2,2,1,1,1,6,1,5,2,2,4,1,5,5,5,5,5,,4,3,3,3,3,3,5,5,1,1,4,3,3,"Somewhat often it is very difficult and time consuming to evaluate the validity of the functional assay and its significance in relation to a VUS. Whether the right assay type, (sufficient and) appropriate controls were used and how well the statistical analysis was performed.",5,3,4,2,2,4,4,4,4,5,2,"Functional data needs to be standardized and marked reliable / usable (e.g. through VCEPs) to apply the appropriate criteria at an indicated weight (i.e. STR / MOD / SUP). ",3,2,2,2,5,4,5,5,4,3,4,5,2,5,5,5,,2
116,,"[not completed]",,0,0,0,0,0,0,0,0,0,0,,,,,0,0,0,0,0,0,,,,,,,,,,,,,,,,,,,,,,,,,,,,,,,,,,,,,,,,,,,,,,,,,,,,,,,,,,,,,,,,,,,,,,,,,,,,,,,,,,,,,,,,,,,,,,,,,,,,,,,0
117,,"2025-03-02 08:01:00",1,0,1,0,0,0,0,0,0,0,0,1,9,5,Israel,1,0,0,0,0,0,,Female,1,2,1,1,2,2,2,1,6,5,1,2,5,0,,2,2,1,2,2,2,2,,5,5,5,5,5,5,5,5,5,5,5,3,1,,6,6,6,1,1,1,1,6,1,6,1,,6,6,6,6,6,1,1,,1,1,1,1,1,1,1,1,1,1,1,1,1,,5,5,3,3,5,5,5,5,5,5,5,,2,2,4,3,5,5,5,5,5,2,5,4,4,4,4,4,,2
118,,"[not completed]",,0,0,0,0,0,0,0,0,0,0,,,,,0,0,0,0,0,0,,,,,,,,,,,,,,,,,,,,,,,,,,,,,,,,,,,,,,,,,,,,,,,,,,,,,,,,,,,,,,,,,,,,,,,,,,,,,,,,,,,,,,,,,,,,,,,,,,,,,,,0
119,,"2025-03-03 02:54:24",2,0,0,0,0,0,0,1,0,0,0,1,1,5,Japan,1,0,0,0,0,1,,Male,2,2,2,1,2,2,2,1,6,3,3,4,3,1,"Potential disease variant did not develop disease phenotyp in knock-in mice",2,2,2,2,2,2,2,,5,5,5,4,3,5,4,5,4,4,5,3,3,,6,4,5,5,5,5,5,6,5,6,6,6,5,6,1,1,1,6,6,,1,1,1,1,1,1,1,1,1,1,1,1,1,,5,5,5,4,4,4,4,5,5,5,4,,5,5,5,5,5,4,3,3,5,5,5,5,5,5,5,5,,2
120,,"[not completed]",1,1,0,0,0,0,0,0,0,0,0,0,9,1,Spain,0,0,0,0,0,0,,Female,,,,,,,,,,,,,,,,,,,,,,,,,,,,,,,,,,,,,,,,,,,,,,,,,,,,,,,,,,,,,,,,,,,,,,,,,,,,,,,,,,,,,,,,,,,,,,,,,,,,,0
121,,"[not completed]",,0,0,0,0,0,0,0,0,0,0,,,,,0,0,0,0,0,0,,,,,,,,,,,,,,,,,,,,,,,,,,,,,,,,,,,,,,,,,,,,,,,,,,,,,,,,,,,,,,,,,,,,,,,,,,,,,,,,,,,,,,,,,,,,,,,,,,,,,,,0
122,,"[not completed]",2,0,1,0,0,0,0,0,0,0,0,1,9,5,"South Africa",0,0,0,0,0,0,,Female,1,2,2,1,3,1,1,1,3,4,1,1,1,1,"Err on the side of caution - ie. no upgrading or downgrading until there is more clarity. ",,,,,,,,,,,,,,,,,,,,,,,,,,,,,,,,,,,,,,,,,,,,,,,,,,,,,,,,,,,,,,,,,,,,,,,,,,,,,,,,,,,,,,0
123,,"2025-03-04 09:44:24",1,1,0,0,0,0,0,0,0,0,0,0,9,1,Spain,0,0,0,0,0,0,,Female,1,2,1,1,1,2,1,1,4,3,2,2,3,0,,1,1,1,1,1,1,1,,2,3,5,5,5,5,5,5,5,5,5,4,2,,4,5,6,1,1,1,1,6,1,4,1,1,1,,4,1,1,1,1,,3,3,3,3,3,3,3,3,4,4,5,3,5,,5,3,3,5,4,5,4,5,5,5,4,,3,3,4,4,5,4,4,3,3,4,5,5,5,5,5,4,,2
124,,"2025-03-04 11:46:26",2,0,1,0,0,0,0,0,0,0,0,1,9,2,Australia,1,0,0,0,0,0,,Female,1,2,2,2,3,3,2,1,5,4,2,1,1,0,,3,2,2,3,3,3,3,,3,2,1,2,2,2,2,2,2,2,1,1,1,,4,4,2,1,1,1,1,6,5,5,4,4,5,4,1,1,1,1,1,,4,4,4,4,4,4,4,4,4,4,4,4,4,,4,1,2,4,4,4,4,2,3,3,3,,3,3,4,4,4,4,4,3,4,4,4,4,3,4,4,4,,2
125,,"2025-03-04 15:06:10",1,1,0,0,0,0,0,0,0,0,0,0,4,3,Belgium,0,0,0,0,0,0,,man,2,2,2,2,2,1,1,1,6,5,2,3,4,1,,2,2,2,2,2,2,2,,3,4,4,3,2,1,1,1,1,1,1,1,1,,6,6,3,2,2,2,2,6,1,6,6,6,3,4,3,3,3,3,3,,3,3,3,3,3,4,4,4,2,3,2,3,3,,4,4,4,4,3,3,4,5,4,4,3,,3,3,4,3,4,4,4,4,4,4,4,4,3,4,4,4,,2
126,,"2025-03-05 06:28:38",1,0,0,0,0,0,0,0,0,0,1,0,13,1,Pakistan,0,0,0,0,0,1,,Female,3,2,2,2,3,3,3,1,3,2,,2,1,0,,2,3,3,1,3,3,1,,4,3,1,1,1,1,1,1,1,1,1,1,1,,4,6,4,1,1,1,,6,1,5,4,4,1,3,5,4,4,1,1,,3,3,3,4,4,4,3,3,3,3,2,2,1,,3,4,4,3,3,3,3,4,4,4,3,,2,2,4,3,5,4,3,4,4,5,5,4,5,,5,4,,2
127,,"[not completed]",1,0,1,0,0,0,0,0,0,0,0,0,13,1,Argentina,0,0,0,0,0,0,,Female,2,2,2,1,3,3,3,,,,,,,,,,,,,,,,,,,,,,,,,,,,,,,,,,,,,,,,,,,,,,,,,,,,,,,,,,,,,,,,,,,,,,,,,,,,,,,,,,,,,,,,,,,,,,0
128,,"[not completed]",,0,0,0,0,0,0,0,0,0,0,,,,,0,0,0,0,0,0,,,,,,,,,,,,,,,,,,,,,,,,,,,,,,,,,,,,,,,,,,,,,,,,,,,,,,,,,,,,,,,,,,,,,,,,,,,,,,,,,,,,,,,,,,,,,,,,,,,,,,,0
129,,"[not completed]",,0,0,0,0,0,0,0,0,0,0,,,,,0,0,0,0,0,0,,,,,,,,,,,,,,,,,,,,,,,,,,,,,,,,,,,,,,,,,,,,,,,,,,,,,,,,,,,,,,,,,,,,,,,,,,,,,,,,,,,,,,,,,,,,,,,,,,,,,,,0
130,,"[not completed]",,0,0,0,0,0,0,0,0,0,0,,,,,0,0,0,0,0,0,,,,,,,,,,,,,,,,,,,,,,,,,,,,,,,,,,,,,,,,,,,,,,,,,,,,,,,,,,,,,,,,,,,,,,,,,,,,,,,,,,,,,,,,,,,,,,,,,,,,,,,0
131,,"[not completed]",2,1,0,0,0,0,0,0,0,0,0,1,12,3,USA,0,0,0,0,0,1,,female,2,1,2,2,2,2,1,,,,,,,,,,,,,,,,,,,,,,,,,,,,,,,,,,,,,,,,,,,,,,,,,,,,,,,,,,,,,,,,,,,,,,,,,,,,,,,,,,,,,,,,,,,,,,0
132,,"2025-04-03 17:22:44",2,1,0,0,0,0,0,0,0,0,0,0,4,3,Portugal,0,0,0,0,0,0,,Female,3,3,2,2,3,2,3,1,4,3,2,3,2,0,,3,3,3,3,3,3,3,,4,3,4,3,3,3,3,3,3,3,3,3,4,,4,4,3,3,3,3,3,4,3,5,5,5,4,5,4,4,4,5,5,,3,3,4,4,3,3,4,3,2,2,2,3,3,,5,5,5,5,4,4,3,3,4,3,3,,3,2,2,2,4,3,3,3,3,2,4,4,4,4,4,3,,2
133,,"[not completed]",1,1,0,0,0,0,0,0,0,0,0,1,1,1,USA,0,0,0,0,0,0,,Female,2,3,1,1,2,3,2,1,6,4,2,2,2,1,"We describe both types of evidence in the report, but ultimately the classification remains VUS.",,,,,,,,,,,,,,,,,,,,,,,,,,,,,,,,,,,,,,,,,,,,,,,,,,,,,,,,,,,,,,,,,,,,,,,,,,,,,,,,,,,,,,0
134,,"[not completed]",1,1,0,0,1,0,0,0,0,0,0,0,9,1,"United Kingdom",0,1,0,0,0,0,,F,2,2,2,1,2,1,1,,,,,,,,,,,,,,,,,,,,,,,,,,,,,,,,,,,,,,,,,,,,,,,,,,,,,,,,,,,,,,,,,,,,,,,,,,,,,,,,,,,,,,,,,,,,,,0
135,,"[not completed]",3,1,0,0,0,0,0,0,0,0,0,1,1,3,US,1,0,0,0,0,0,,Male,2,2,2,2,2,2,2,1,6,5,1,2,2,0,,2,2,2,2,2,2,2,,5,5,3,5,3,4,5,5,3,3,3,5,4,,,,,,,,,,,,,,,,,,,,,,,,,,,,,,,,,,,,,,,,,,,,,,,,,,,,,,,,,,,,,,,,,0
136,,"[not completed]",3,1,0,0,0,0,0,0,0,0,0,0,8,1,Canada,1,0,0,0,0,0,,Woman,3,2,3,3,3,3,2,,,,,,,,,,,,,,,,,,,,,,,,,,,,,,,,,,,,,,,,,,,,,,,,,,,,,,,,,,,,,,,,,,,,,,,,,,,,,,,,,,,,,,,,,,,,,,0
137,,"[not completed]",,0,0,0,0,0,0,0,0,0,0,,,,,0,0,0,0,0,0,,,,,,,,,,,,,,,,,,,,,,,,,,,,,,,,,,,,,,,,,,,,,,,,,,,,,,,,,,,,,,,,,,,,,,,,,,,,,,,,,,,,,,,,,,,,,,,,,,,,,,,0
138,,"[not completed]",,0,0,0,0,0,0,0,0,0,0,,,,,0,0,0,0,0,0,,,,,,,,,,,,,,,,,,,,,,,,,,,,,,,,,,,,,,,,,,,,,,,,,,,,,,,,,,,,,,,,,,,,,,,,,,,,,,,,,,,,,,,,,,,,,,,,,,,,,,,0
139,,"[not completed]",1,1,0,0,0,0,0,0,0,0,0,1,1,4,USA,1,0,0,0,0,0,,,2,2,2,2,2,2,2,,,,,,,,,,,,,,,,,,,,,,,,,,,,,,,,,,,,,,,,,,,,,,,,,,,,,,,,,,,,,,,,,,,,,,,,,,,,,,,,,,,,,,,,,,,,,,0
140,,"[not completed]",1,0,0,0,0,0,1,0,0,0,0,0,4,5,"Spain ",1,0,0,0,0,0,,male,2,2,2,1,2,2,2,1,5,3,4,2,2,1,,3,3,,2,2,2,1,,3,4,5,4,2,3,2,4,3,1,3,3,1,,4,4,4,3,3,3,4,4,4,5,5,5,4,5,6,6,6,,6,,,,,,,,,,,,,,,,,,,,,,,,,,,,,,,,,,,,,,,,,,,,,0
141,,"[not completed]",2,0,0,0,0,1,0,0,0,0,0,0,12,5,India,0,0,0,0,0,1,,Female,2,,,2,,2,3,,,,,,,,,,,,,,,,,,,,,,,,,,,,,,,,,,,,,,,,,,,,,,,,,,,,,,,,,,,,,,,,,,,,,,,,,,,,,,,,,,,,,,,,,,,,,,0
142,,"2025-04-16 17:34:58",1,1,0,0,1,0,0,0,0,0,0,0,4,1,USA,1,0,0,0,0,0,,Female,3,2,2,2,3,3,2,1,3,4,2,2,1,1,"Given it less weight compared to clinical cases",2,2,3,3,3,2,3,,3,3,3,2,2,4,3,4,3,3,4,2,1,,4,3,3,3,2,2,2,3,3,6,5,4,5,4,4,5,5,4,3,,4,3,3,3,2,4,4,4,2,3,4,4,4,,4,5,3,4,4,5,4,3,3,4,3,,2,2,4,5,5,4,5,5,4,4,4,3,4,4,4,3,"Not all functional studies are created equally - this is part of what makes incorporating it in a standard way into variant assessment challending.",2
143,,"2025-04-16 17:34:13",1,0,0,0,0,0,1,0,0,0,0,0,4,5,spain,1,0,0,0,0,0,,male,2,2,1,1,2,2,2,1,5,3,2,2,2,1,,1,2,2,2,2,2,2,,2,3,4,4,2,4,2,4,3,2,3,3,1,,4,3,4,3,3,2,3,4,2,4,5,5,3,4,4,5,5,,5,,3,2,3,3,3,2,5,5,4,4,4,4,4,,3,4,4,4,3,3,5,4,4,5,4,,4,4,3,3,5,4,4,2,4,4,5,5,4,5,5,5,,2
144,,"2025-04-16 18:17:18",1,1,0,0,0,0,0,0,0,0,0,1,1,2,USA,1,0,0,0,0,0,,F,2,2,1,1,2,2,2,1,6,5,2,2,2,1,"Evaluate the functional evidence including in vitro vs. in vivo (or animal models), year of publication, experimental set up including controls and data quality  ",2,3,2,3,3,3,3,n/a,4,5,4,4,5,5,4,5,5,4,5,4,3,n/a,5,5,5,5,4,4,4,4,4,5,5,5,6,5,5,6,6,5,5,n/a,3,1,1,1,1,3,3,3,2,3,4,3,3,n/a,5,5,4,4,4,5,5,5,5,5,5,,5,5,5,5,5,5,5,5,4,5,5,5,5,5,5,4,,2
145,,"[not completed]",,0,0,0,0,0,0,0,0,0,0,,,,,0,0,0,0,0,0,,,,,,,,,,,,,,,,,,,,,,,,,,,,,,,,,,,,,,,,,,,,,,,,,,,,,,,,,,,,,,,,,,,,,,,,,,,,,,,,,,,,,,,,,,,,,,,,,,,,,,,0
146,,"2025-04-16 17:58:04",2,1,0,0,0,0,0,0,0,0,0,1,8,5,usa,1,0,0,0,0,0,,female,1,2,2,2,2,2,2,1,6,3,2,1,1,0,,3,3,1,1,1,1,1,"rna seq for splicing",5,5,3,3,,5,5,5,1,5,5,3,3,,6,6,6,5,3,3,3,6,5,6,5,6,6,5,1,1,1,1,1,,3,2,4,3,2,3,4,4,3,4,2,4,4,,5,5,4,4,5,5,5,3,4,4,5,,3,2,3,4,4,5,5,5,4,5,4,3,5,4,5,5,,2
147,,"[not completed]",2,1,0,0,0,0,0,0,0,0,0,1,1,5,"United States",1,0,0,0,0,0,,female,1,2,1,1,2,2,2,,,,,,,,,,,,,,,,,,,,,,,,,,,,,,,,,,,,,,,,,,,,,,,,,,,,,,,,,,,,,,,,,,,,,,,,,,,,,,,,,,,,,,,,,,,,,,0
148,,"[not completed]",1,1,0,0,0,0,0,0,0,0,0,0,6,3,India,0,0,0,0,0,1,,Male,,,,,,,,,,,,,,,,,,,,,,,,,,,,,,,,,,,,,,,,,,,,,,,,,,,,,,,,,,,,,,,,,,,,,,,,,,,,,,,,,,,,,,,,,,,,,,,,,,,,,0
149,,"2025-04-16 18:14:25",1,1,0,0,0,0,0,0,0,0,0,0,6,3,India,0,0,0,0,0,1,,Male,3,3,3,3,1,3,3,1,2,2,1,1,1,0,,2,2,3,1,1,1,3,,2,2,1,1,1,1,1,1,1,1,1,,1,,3,3,,1,1,1,1,1,1,4,2,2,2,2,2,2,2,,,,4,4,4,4,4,4,4,4,5,5,5,5,5,,5,1,1,1,4,4,4,4,4,4,4,,3,3,4,4,4,4,4,4,4,4,4,4,3,4,4,4,,2
150,,"[not completed]",1,1,0,0,0,0,0,0,0,0,0,0,9,1,"Germany ",0,0,0,0,0,0,,Male,3,2,3,3,2,2,3,1,6,4,4,2,3,1,,2,1,3,2,2,2,1,,2,3,4,4,2,3,4,3,1,2,2,2,1,,6,6,5,3,1,1,2,6,2,5,2,2,1,2,5,2,2,1,1,,3,,3,3,3,3,3,3,3,3,3,3,3,,,,,,,,,,,,,,,,,,,,,,,,,,,,,,,0
151,,"[not completed]",1,1,0,0,0,0,1,0,0,0,0,1,10,2,Spain,0,0,0,0,0,1,,Female,2,2,3,3,3,2,1,1,2,3,2,2,2,1,"We have encountered conflicting functional evidence when classifying variants related to hearing loss. In these cases, we carefully review the quality and relevance of each study. We give more weight to functional assays that use models closer to the inner ear environment or patient-derived cells.    If the results remain inconsistent, we look at other types of evidence (such as population frequency, segregation, or in silico predictions) to help guide interpretation. If the conflict cannot be resolved, we classify the variant as a VUS and clearly document the conflicting data in our report.",,,,,,,,,,,,,,,,,,,,,,,,,,,,,,,,,,,,,,,,,,,,,,,,,,,,,,,,,,,,,,,,,,,,,,,,,,,,,,,,,,,,,,0
152,,"[not completed]",1,0,1,0,0,0,0,0,0,0,0,1,9,2,Germany,0,0,0,0,0,0,,Male,,,,,,,,,,,,,,,,,,,,,,,,,,,,,,,,,,,,,,,,,,,,,,,,,,,,,,,,,,,,,,,,,,,,,,,,,,,,,,,,,,,,,,,,,,,,,,,,,,,,,0
153,,"2025-04-16 18:32:46",1,1,0,0,0,0,0,0,0,0,0,0,2,1,Iran,0,0,0,0,0,0,,Male,3,2,2,2,2,3,3,1,,,2,,,,,2,2,2,2,2,2,2,,,4,,4,,,3,4,,,,,,,4,4,,,,,,4,,5,,,,,,,,,,,,,,,,,,,,,,,,,,,,,,,,,,,,,4,,4,,,4,4,4,4,4,4,,,4,,4,,2
154,,"[not completed]",1,1,0,0,0,0,0,0,0,0,0,0,9,4,Palestine,1,0,0,0,0,0,,Female,2,2,2,2,2,3,1,1,2,4,,3,2,1,"contact submitter   ",2,1,1,1,1,1,2,,,,,,,,,,,,,,,,,,,,,,,,,,,,,,,,,,,,,,,,,,,,,,,,,,,,,,,,,,,,,,,,,,,,,,,,,,,,,,,0
155,,"[not completed]",2,1,0,0,0,0,0,0,0,0,0,0,9,5,Israel,1,0,0,0,0,0,,M,1,2,2,2,2,2,2,1,3,4,1,2,4,0,,,,,,,,,,,,,,,,,,,,,,,,,,,,,,,,,,,,,,,,,,,,,,,,,,,,,,,,,,,,,,,,,,,,,,,,,,,,,,,,,,,,,,,0
156,,"2025-04-16 19:26:02",2,1,0,0,0,0,0,0,0,0,0,0,3,1,"United States",0,0,0,0,0,0,,Male,2,2,2,2,3,2,3,1,5,4,2,2,2,0,,1,3,2,2,2,2,1,,4,3,2,3,1,5,4,4,5,4,4,4,2,,4,6,1,5,1,1,2,5,4,6,5,5,4,,3,3,3,4,4,,2,2,2,2,2,2,2,2,4,4,4,4,4,,3,3,2,3,3,3,3,3,3,3,3,,3,2,3,3,4,5,4,4,4,4,3,4,4,4,4,4,,2
157,,"2025-04-17 04:14:42",2,0,0,0,0,0,0,1,0,0,0,1,1,5,,1,0,0,0,0,1,,,1,2,1,1,2,2,2,1,6,4,2,5,4,1,"The disease associated genome mutation did not show disease phenotype in knock-in mice. Continue to search novel mutation.",2,2,1,1,2,2,2,,3,3,5,5,5,5,4,5,3,3,4,3,3,"Mutant protein interaction by massspec.",6,5,5,4,4,4,4,5,4,5,6,6,5,6,5,3,3,5,5,,4,4,4,4,3,3,3,5,5,4,5,5,5,"We see clinicians with lack of basic knowledge of genetics. ",5,4,5,5,5,5,5,5,5,5,4,"Communication with lab working of have worked on specific disease gene.",3,3,3,3,3,5,3,3,5,4,4,3,5,5,5,4,"Majority of disease variants do not have functional study associated. Yet, lab working on mutant function is rare. Encouragement of performing functional study by increasing funding is necessary to generate more mutant function data. Once function is identified, developing therapeutics will be much easier. There are too many attempts to develop therapeutics without the functional knowledge of how the mutation is affecting the system.  ",2
158,,"2025-04-17 04:24:47",1,0,1,0,0,0,0,0,0,0,0,1,1,4,Pakistan,0,0,0,0,0,0,,Female,1,2,2,2,3,3,3,1,2,2,1,1,1,0,,2,2,2,1,1,1,1,,4,5,4,4,3,5,5,5,3,4,4,4,3,,5,5,4,4,4,4,4,4,4,4,4,4,4,4,4,4,4,4,4,,3,3,3,3,3,3,3,3,3,3,3,3,3,,2,2,2,2,2,2,2,4,4,4,4,,2,2,4,4,4,4,4,4,4,3,4,3,4,4,4,4,,2
159,,"[not completed]",,0,0,0,0,0,0,0,0,0,0,,,,,0,0,0,0,0,0,,,,,,,,,,,,,,,,,,,,,,,,,,,,,,,,,,,,,,,,,,,,,,,,,,,,,,,,,,,,,,,,,,,,,,,,,,,,,,,,,,,,,,,,,,,,,,,,,,,,,,,0
160,,"2025-04-17 05:44:34",1,1,0,0,0,0,0,0,0,0,0,1,1,5,Belgium,1,0,1,0,0,0,,male,2,2,1,1,2,2,3,1,6,5,2,3,2,1,"critical evaluation of data. If both evidence are equal quality this information is not included in final evidence for variant classifcation",2,1,2,2,2,2,2,/,5,4,4,4,2,3,3,3,3,3,3,3,2,,5,5,1,1,1,1,1,4,1,5,5,5,6,1,6,6,6,1,1,,4,3,4,3,3,4,4,5,4,4,4,4,3,,3,5,5,5,4,5,5,3,3,5,5,,3,3,4,4,5,5,5,5,5,5,5,4,4,4,4,4,,2
161,,"[not completed]",,0,0,0,0,0,0,0,0,0,0,,,,,0,0,0,0,0,0,,,,,,,,,,,,,,,,,,,,,,,,,,,,,,,,,,,,,,,,,,,,,,,,,,,,,,,,,,,,,,,,,,,,,,,,,,,,,,,,,,,,,,,,,,,,,,,,,,,,,,,0
162,,"[not completed]",3,1,0,1,0,0,0,0,0,0,0,1,1,4,India,1,0,0,0,0,0,,Male,2,2,2,2,2,,3,1,6,5,2,3,2,0,,2,2,2,3,3,3,3,,,,,,,,,,,,,,,,,,,,,,,,,,,,,,,,,,,,,,,,,,,,,,,,,,,,,,,,,,,,,,,,,,,,,,,,,,,,,,,0
163,,"2025-04-17 07:36:31",3,1,0,0,0,0,0,0,0,0,0,1,1,2,Germany,0,0,0,0,0,0,,,2,2,1,,2,2,1,1,6,5,2,4,5,0,,2,2,2,2,2,3,3,,4,4,3,3,3,4,4,3,3,4,3,4,2,,5,4,5,1,1,1,1,4,1,6,6,6,4,,5,5,5,5,5,,3,2,2,2,2,3,4,4,3,4,2,2,2,,4,4,4,3,4,4,4,5,5,4,4,,3,3,3,3,5,4,5,5,4,5,5,3,4,4,4,5,,2
164,,"2025-04-17 07:24:01",2,1,0,0,0,0,0,0,0,0,0,0,9,5,India,0,0,0,0,0,0,,Female,3,2,1,1,1,2,1,1,2,2,1,1,1,0,,2,1,1,1,2,3,3,"None ",5,5,5,4,3,4,2,3,2,1,1,1,1,"Transfection assays of cloned cDNA to generate tagged proteins to assess protein localization in vitro in cell cultures.",6,6,5,5,2,1,1,6,1,6,6,5,1,1,1,1,1,1,1,"Generation of protein models for missense changes using alpha fi=old or suitable homology modelling program. This can help assess the structural impact if any, of the variant.",4,2,5,5,5,5,5,4,3,3,1,1,3,"The major challenge is in generating the evidence in many cases where no such evidence exists.  Functional evidence from experimental work is generally not available.  One has to rely on in silico prediction tools or population frequencies of the variant, ",4,4,4,4,5,5,5,5,5,5,5,None,3,3,4,4,4,4,4,4,5,5,4,4,4,5,5,4,None,2
165,,"[not completed]",,0,0,0,0,0,0,0,0,0,0,,,,,0,0,0,0,0,0,,,,,,,,,,,,,,,,,,,,,,,,,,,,,,,,,,,,,,,,,,,,,,,,,,,,,,,,,,,,,,,,,,,,,,,,,,,,,,,,,,,,,,,,,,,,,,,,,,,,,,,0
166,,"[not completed]",,0,0,0,0,0,0,0,0,0,0,,,,,0,0,0,0,0,0,,,,,,,,,,,,,,,,,,,,,,,,,,,,,,,,,,,,,,,,,,,,,,,,,,,,,,,,,,,,,,,,,,,,,,,,,,,,,,,,,,,,,,,,,,,,,,,,,,,,,,,0
167,,"2025-04-17 09:48:10",3,1,0,0,0,0,0,0,0,0,0,1,1,5,Spain,0,0,0,1,0,0,,male,1,2,2,2,2,2,1,1,2,4,2,2,2,0,,2,2,2,1,2,2,2,,3,4,3,3,3,4,4,4,3,4,4,3,2,,4,4,4,1,1,1,1,3,1,4,1,1,1,1,3,3,3,3,1,,2,2,2,2,2,2,2,2,2,2,2,2,2,,3,3,3,3,3,3,3,3,3,3,3,,2,2,4,4,4,4,2,4,4,4,5,5,5,5,5,5,,2
168,,"2025-04-17 10:30:06",1,1,0,0,1,0,1,0,0,0,0,1,5,1,France,0,0,0,0,0,0,,Female,2,3,1,1,2,2,3,1,6,5,3,2,2,0,,2,3,2,2,3,3,3,,4,4,4,4,4,4,4,4,4,4,4,4,4,,5,5,5,5,1,1,5,5,1,6,5,5,1,5,5,5,5,1,1,,3,3,3,3,3,3,3,3,3,3,3,3,3,,5,5,5,5,5,5,5,5,5,5,5,,4,4,2,2,5,5,5,5,5,5,5,5,5,5,5,5,,2
169,,"[not completed]",2,1,0,0,0,0,0,0,0,0,0,1,9,5,France,1,0,0,0,0,0,,female,1,2,1,2,2,2,2,,,,,,,,,,,,,,,,,,,,,,,,,,,,,,,,,,,,,,,,,,,,,,,,,,,,,,,,,,,,,,,,,,,,,,,,,,,,,,,,,,,,,,,,,,,,,,0
170,,"[not completed]",2,0,0,0,0,0,0,1,0,0,0,1,9,4,USA,0,0,0,0,0,1,,Male,2,2,1,1,2,2,1,,,,,,,,,,,,,,,,,,,,,,,,,,,,,,,,,,,,,,,,,,,,,,,,,,,,,,,,,,,,,,,,,,,,,,,,,,,,,,,,,,,,,,,,,,,,,,0
171,,"2025-04-18 21:41:33",1,1,0,1,0,0,0,0,0,0,0,0,5,5,"Czech Republic",0,0,0,0,0,0,,M,2,2,2,2,2,3,1,1,6,2,2,2,2,1,"segregation analysis in the relatives",2,1,2,3,3,3,3,,,,4,,4,5,3,5,4,,4,,3,,5,5,5,1,1,1,5,1,1,5,5,1,1,,6,6,1,1,1,,4,4,4,4,4,3,4,2,1,2,4,3,4,,5,3,4,4,,,,,4,4,2,,3,3,4,4,4,3,4,4,4,3,4,3,4,4,4,4,,2
172,,"2025-04-18 14:13:24",1,0,1,0,0,0,0,0,0,0,0,1,9,4,Tunisia,1,0,0,0,0,0,,Female,2,2,1,1,2,2,2,1,3,4,5,2,5,1,"In the context of rare diseases and consanguineous populations, we have previously described extremely rare variants associated with a specific disease phenotype that are common among patients within a family or shared among different patients in unrelated families, which are reported as  (LB). This highlights the need to investigate the reclassification of variants in consanguineous populations, especially as there is an increasing pattern of homozygosity.",3,3,3,2,2,2,2,"No thanks",1,2,2,2,2,2,2,2,1,1,1,1,1,,4,5,5,4,1,1,4,5,4,6,6,6,6,6,6,6,6,6,1,,3,3,3,4,3,2,5,5,2,2,2,2,2,,5,5,5,5,3,3,4,4,4,2,3,,4,4,5,5,4,5,4,4,5,3,4,5,5,5,4,4,,2
173,,"[not completed]",,0,0,0,0,0,0,0,0,0,0,,,,,0,0,0,0,0,0,,,,,,,,,,,,,,,,,,,,,,,,,,,,,,,,,,,,,,,,,,,,,,,,,,,,,,,,,,,,,,,,,,,,,,,,,,,,,,,,,,,,,,,,,,,,,,,,,,,,,,,0
174,,"2025-04-20 05:12:44",1,0,0,0,0,0,1,0,0,0,0,0,5,3,Japan,0,0,0,0,0,1,,male,2,2,1,1,2,2,2,1,2,1,1,2,,0,,2,2,3,2,2,2,2,,3,3,4,3,3,4,2,5,3,3,3,3,3,,4,4,4,3,2,2,2,4,1,4,4,4,4,4,6,6,6,1,1,,4,3,3,3,4,4,4,5,5,5,3,3,4,,3,3,4,3,3,3,2,3,2,1,3,,4,4,3,3,4,5,3,4,5,3,2,4,4,4,4,2,,2
175,,"2025-04-20 17:05:50",1,1,0,0,0,0,0,0,0,0,0,0,4,2,china,1,0,0,0,0,0,,,2,2,2,2,2,2,3,1,6,5,2,6,3,0,,2,2,,,,,,,,,,,,,,,,,,,,,,,,,,,,,,,,,,,,,,,,,,,,,,,,,,,,,,,,,,,,,,,,,,,,,,,,,,,,,,,,,,,,2
176,,"[not completed]",,0,0,0,0,0,0,0,0,0,0,,,,,0,0,0,0,0,0,,,,,,,,,,,,,,,,,,,,,,,,,,,,,,,,,,,,,,,,,,,,,,,,,,,,,,,,,,,,,,,,,,,,,,,,,,,,,,,,,,,,,,,,,,,,,,,,,,,,,,,0
177,,"2025-04-22 10:49:46",3,1,0,0,0,0,0,0,0,0,0,0,5,5,Netherlands,1,0,0,0,0,0,,F,2,,2,,2,2,2,1,6,4,2,2,2,1,"I have weighed the corresponding papers, and made a calculated decision based on my own interpretation of the results (validity, specificity), taken together with the type of journal, the authors, etc.",3,2,2,2,3,2,2,,5,4,4,3,2,3,3,3,4,3,3,3,2,,5,4,4,4,4,4,3,4,1,5,5,5,5,5,5,5,5,5,5,,3,3,3,3,3,3,3,3,3,4,3,4,3,,4,4,4,4,3,3,4,4,4,5,4,,3,4,2,3,4,4,4,4,4,3,4,3,5,4,4,4,,2
178,,"2025-04-30 13:20:33",1,0,0,0,0,0,0,0,0,0,1,0,8,1,"United Kingdom",0,0,0,0,0,0,,,2,1,1,1,2,2,1,1,6,3,2,4,2,1,"Either don't use functional evidence at all, or downgrade level of evidence applicable (when classifying using ACGS/ACMG guidelines)",2,1,2,2,1,1,1,,4,5,4,4,3,3,3,4,2,2,2,1,1,,6,3,4,2,2,1,2,6,1,6,5,5,1,1,6,5,5,1,1,,2,2,3,3,2,4,4,4,3,4,2,3,3,,3,3,3,3,2,3,4,4,4,5,4,,4,2,3,4,5,5,5,5,5,5,5,4,5,5,5,1,,2
179,,"[not completed]",1,0,1,0,0,0,0,0,0,0,0,0,9,1,Turkiye,1,0,0,0,0,0,,Woman,3,3,3,3,3,3,3,,,,,,,,,,,,,,,,,,,,,,,,,,,,,,,,,,,,,,,,,,,,,,,,,,,,,,,,,,,,,,,,,,,,,,,,,,,,,,,,,,,,,,,,,,,,,,0
180,,"[not completed]",3,0,0,1,0,0,0,0,0,0,0,0,8,2,Germany,0,0,0,0,0,0,,Male,2,2,2,1,2,2,3,1,6,3,2,3,2,0,,2,3,2,2,2,3,3,,,,,,,,,,,,,,,,,,,,,,,,,,,,,,,,,,,,,,,,,,,,,,,,,,,,,,,,,,,,,,,,,,,,,,,,,,,,,,,0
181,,"2025-06-26 17:52:05",2,1,0,0,0,0,0,0,0,0,0,1,9,5,USA,1,0,0,0,0,0,,female,,2,2,1,2,2,2,1,6,4,2,,,1,"Less conflicts and more due to incomplete controls or assays that do not directly assess function. Or due to lack of details about patient phenotypes. Or due to assays that measure something that is hard to directly correlate with the phenotype.",2,2,1,1,2,3,2,,4,3,,3,3,3,3,3,3,3,3,3,3,"The exact experiments performed impact the confidence in the assay, so the average is 3.",5,4,5,5,5,,4,4,4,6,6,6,6,6,2,2,2,4,4,"X-linked IRD specifications for RPGR and RS1.",3,3,3,3,3,3,5,4,3,3,3,3,3,,2,1,1,3,3,4,4,4,4,5,5,,3,2,4,4,5,5,3,4,4,4,4,4,4,4,4,4,,2
182,,"[not completed]",,0,0,0,0,0,0,0,0,0,0,,,,,0,0,0,0,0,0,,,,,,,,,,,,,,,,,,,,,,,,,,,,,,,,,,,,,,,,,,,,,,,,,,,,,,,,,,,,,,,,,,,,,,,,,,,,,,,,,,,,,,,,,,,,,,,,,,,,,,,0
183,,"[not completed]",,0,0,0,0,0,0,0,0,0,0,,,,,0,0,0,0,0,0,,,,,,,,,,,,,,,,,,,,,,,,,,,,,,,,,,,,,,,,,,,,,,,,,,,,,,,,,,,,,,,,,,,,,,,,,,,,,,,,,,,,,,,,,,,,,,,,,,,,,,,0
184,,"2025-07-08 10:43:45",2,1,0,0,0,0,1,0,0,0,0,0,5,2,Belgium,1,0,0,0,0,0,,Female,2,2,2,1,2,2,2,1,6,5,2,3,3,1,,2,2,2,2,2,2,2,,4,4,3,4,2,2,2,2,2,2,2,2,2,,4,4,5,1,1,1,3,4,1,5,6,6,6,6,5,6,6,6,6,,3,3,3,3,4,3,4,4,3,3,3,3,3,,4,4,2,3,4,4,4,4,4,4,4,,2,2,4,4,4,3,4,4,4,4,4,4,4,4,4,3,,2
185,,"[not completed]",,0,0,0,0,0,0,0,0,0,0,,,,,0,0,0,0,0,0,,,,,,,,,,,,,,,,,,,,,,,,,,,,,,,,,,,,,,,,,,,,,,,,,,,,,,,,,,,,,,,,,,,,,,,,,,,,,,,,,,,,,,,,,,,,,,,,,,,,,,,0
186,,"[not completed]",,0,0,0,0,0,0,0,0,0,0,,,,,0,0,0,0,0,0,,,,,,,,,,,,,,,,,,,,,,,,,,,,,,,,,,,,,,,,,,,,,,,,,,,,,,,,,,,,,,,,,,,,,,,,,,,,,,,,,,,,,,,,,,,,,,,,,,,,,,,0
187,,"[not completed]",1,0,0,0,0,0,0,0,0,0,1,0,10,3,,0,0,0,0,0,1,,,,,,,,,,,,,,,,,,,,,,,,,,,,,,,,,,,,,,,,,,,,,,,,,,,,,,,,,,,,,,,,,,,,,,,,,,,,,,,,,,,,,,,,,,,,,,,,,,,,,,,0
188,,"[not completed]",3,1,0,0,1,0,0,0,0,0,0,0,12,3,"United Kingdom",0,1,0,0,0,0,,Male,2,1,2,2,1,2,1,,,,,,,,,,,,,,,,,,,,,,,,,,,,,,,,,,,,,,,,,,,,,,,,,,,,,,,,,,,,,,,,,,,,,,,,,,,,,,,,,,,,,,,,,,,,,,0
189,,"[not completed]",,0,0,0,0,0,0,0,0,0,0,,,,,0,0,0,0,0,0,,,,,,,,,,,,,,,,,,,,,,,,,,,,,,,,,,,,,,,,,,,,,,,,,,,,,,,,,,,,,,,,,,,,,,,,,,,,,,,,,,,,,,,,,,,,,,,,,,,,,,,0
190,,"2025-07-24 12:50:52",3,0,0,0,1,0,0,0,0,0,0,1,5,3,Australia,1,1,0,0,1,1,"PanelApp Australia",Female,2,2,2,2,2,2,1,1,6,4,2,3,3,1,"Classified variant as VOUS unless obvious problem with the data that renders it unusable.",2,2,2,3,2,3,2,"What functional evidence is used is driven by what is available: in our setting there has been a lot of additional research funding for functional validation of variants (not necessarily focused on specific disease areas but potentially more generic).",5,5,4,4,3,4,4,4,4,4,,3,3,,5,5,4,4,4,4,,5,4,5,4,5,4,4,4,4,4,4,4,,3,3,3,3,3,3,3,3,3,3,3,3,3,,3,3,3,3,3,3,4,4,4,4,4,,4,4,3,3,4,5,5,5,5,4,4,3,3,3,3,3,,2
191,,"[not completed]",2,1,1,0,0,0,0,0,0,0,0,1,9,2,UK,1,0,0,0,0,0,,Female,2,2,2,2,2,2,2,,,,,,,,,,,,,,,,,,,,,,,,,,,,,,,,,,,,,,,,,,,,,,,,,,,,,,,,,,,,,,,,,,,,,,,,,,,,,,,,,,,,,,,,,,,,,,0
192,,"[not completed]",3,1,0,0,0,0,0,0,0,0,0,1,4,5,Lebanon,0,0,0,0,0,1,,"female ",2,2,2,2,2,2,3,1,6,5,3,2,5,0,,2,3,3,2,2,2,2,,1,5,3,3,3,3,3,3,3,3,3,3,3,,6,6,6,1,1,1,5,5,5,6,6,6,6,6,6,6,6,6,6,,5,5,5,5,5,5,5,5,5,5,5,5,5,,5,5,5,5,5,5,5,5,5,5,5,,,,,,,,,,,,,,,,,,,0
193,,"[not completed]",1,1,0,0,0,0,0,0,0,0,0,1,1,4,,1,0,0,0,0,0,,,1,1,1,1,1,1,1,,,,,,,,,,,,,,,,,,,,,,,,,,,,,,,,,,,,,,,,,,,,,,,,,,,,,,,,,,,,,,,,,,,,,,,,,,,,,,,,,,,,,,,,,,,,,,0
194,,"2025-08-09 12:00:41",1,1,0,0,0,0,0,0,0,0,0,1,9,5,USA,1,0,0,0,0,0,,F,3,2,3,2,3,3,3,1,2,3,1,1,1,0,,3,2,2,3,2,2,2,No,1,2,2,2,1,2,2,2,1,1,1,1,1,"Cytogenomics -> contributory data",4,3,3,2,2,2,2,2,2,4,4,3,4,3,3,4,3,1,1,No,4,4,4,3,3,4,4,5,3,3,3,3,3,Unknown,3,3,3,3,4,4,4,4,4,4,4,?,2,4,4,4,4,4,3,3,3,3,4,4,4,4,4,3,"Not certain with my responses!",2
195,,"[not completed]",1,1,0,0,0,0,0,0,0,0,1,1,13,5,,0,1,0,0,0,1,,,,,,,,,,,,,,,,0,,,,,,,,,,,,,,,,,,,,,,,,,,,,,,,,,,,,,,,,,,,,,,,,,,,,,,,,,,,,,,,,,,,,,,,,,,,,,,,,,,,,,,,0
196,,"2025-08-10 23:07:23",2,1,0,0,0,0,0,0,0,0,0,1,9,1,UK,1,0,0,0,0,0,,Female,2,2,2,2,2,2,2,1,4,4,2,2,3,1,"MDT discussion",2,2,2,3,2,2,3,,2,3,2,2,2,2,2,2,2,2,2,2,2,,4,4,3,1,1,1,3,5,1,4,3,3,3,3,1,1,1,3,1,,3,3,3,3,3,3,4,1,1,4,2,3,3,,4,3,3,3,2,3,2,4,4,5,3,,2,2,3,4,4,3,4,4,3,4,4,3,4,4,4,3,,2
197,,"2025-08-16 15:36:54",3,1,0,0,0,0,0,0,0,0,0,1,5,5,"United Kingdom",1,1,0,0,0,0,,Male,2,1,1,1,2,2,1,1,6,5,2,4,2,1,"Attempt to assess/evaluate the validity of the functional assays; for example, one may appear much more robust and quantitative than another; or there may be multiple high quality studies supporting the same functional effect and a single study reporting no effect. However, typically conflicting evidence results in decision not to use the functional evidence toward variant interpretation.",1,2,2,2,2,3,2,,4,4,2,3,1,3,3,3,3,3,3,3,1,,5,2,1,1,1,1,1,5,1,5,5,5,4,1,1,4,4,4,4,"ACGS Best Practice Guidelines for Variant Classification in Rare  Disease 2024 - these provide a UK focussed updated overview of Richards et al. 2015 guidelines, but mainly refer to Walker et al. 2023 and Brnich et al. 2020 for PS3/BS3.",1,1,1,1,1,1,4,4,3,4,4,4,3,,3,3,3,2,3,3,3,5,5,5,5,,3,3,3,3,5,3,5,5,4,4,5,3,3,4,4,3,,2
198,,"2025-08-16 19:07:58",1,1,0,0,0,0,0,0,0,0,0,1,1,3,Germany,1,1,1,0,0,0,,Female,2,2,2,2,2,2,2,1,6,5,2,3,4,1,"Contacting the lab that generated the data, re-evaluate the disease mechanism, consider limitations of the assay or aspects such as penetrance or potential for modifiers (which often leaves the case open, unfortunately)",2,2,2,3,2,2,2,,4,5,4,4,3,3,3,3,2,3,3,2,1,,5,5,4,4,3,2,5,6,3,6,5,5,4,3,4,4,4,1,1,,5,5,5,5,5,5,5,5,5,5,5,5,4,,5,5,5,5,5,5,5,5,5,5,4,,2,1,5,5,5,4,4,4,4,4,5,5,5,5,5,5,"Variant interpretation still remains a very time consuming and challenging task. The data are still scattered everywhere and reading into the level of experimental quality is challenging. The Brnich et al. PS3/BS3 guideline was quite clear to establish the level of expected stringency in order to apply various strengths. It is almost impossible to achieve strong evidence without testing an impressive number of variants in parallel (as done in a MAVE assay) for a gene with reasonably many clear P/LP and B/LB variants. I struggle that the official list of approved assays for a limited subset of hearing loss-associated genes is so few and PS3 requires a KI mouse model recapitulating the phenotype, which is hardly going to be possible at the scale needed, when labs are also encouraged to reduce use of animal models. Although major community efforts have been underway for a long time and have come a long way, there is still clear room for further clarification. With more clarity on guidelines, I think some time would be saved. If better documentation would be required for functional data depositing/annotation, this would also be great - but not only that, there has to be clarity on how to complete documentation so it is as uniform as possible. Further education is badly needed, as it is still the case that two labs classify variants differently (but we are slowly getting better and I hope the new ACMG guidelines will also be a big help with this!).",2
